taxid	length_gmean	width_gmean	volume_gmean	surface_gmean	length_amean	width_amean	volume_amean	surface_amean	shape	length_ranges	width_ranges	species	genus	family	order	class	phylum	superkingdom	source
114	2.04939015319192	2.04939015319192	4.5068443347248985	13.194689145077138	2.2	2.2	5.575279762570688	15.205308443374602	spherical	['1.4', ' 3.0']	['1.4', ' 3.0']	Gemmata obscuriglobus	Gemmata	Gemmataceae	Gemmatales	Planctomycetia	Planctomycetes	Bacteria	bm4
119	1.1224972160321824	1.1224972160321824	0.7405500915879567	3.95840674352314	1.25	1.25	1.0226538585904277	4.908738521234052	spherical	['0.7', ' 1.8']	['0.7', ' 1.8']	Rubinisphaera brasiliensis	Rubinisphaera	Planctomycetaceae	Planctomycetales	Planctomycetia	Planctomycetes	Bacteria	bm4
120	1.284523257866513	1.284523257866513	1.1097484283266326	5.183627878423159	1.3	1.3	1.1503465099894628	5.309291584566751	spherical	['1.1', ' 1.5']	['1.1', ' 1.5']	Planctopirus limnophila	Planctopirus	Planctomycetaceae	Planctomycetales	Planctomycetia	Planctomycetes	Bacteria	bm4
122	1.224744871391589	1.224744871391589	0.9619123726213976	4.712388980384689	1.25	1.25	1.0226538585904277	4.908738521234052	spherical	['1.0', ' 1.5']	['1.0', ' 1.5']	Gimesia maris	Gimesia	Planctomycetaceae	Planctomycetales	Planctomycetia	Planctomycetes	Bacteria	bm4
124	1.414213562373095	1.0246950765959597	0.8845790003462648	4.552600272623069	1.5	1.1	1.0770426814057008	5.18362787842316	oval	['1.0', ' 2.0']	['0.7', ' 1.5']	Blastopirellula marina	Blastopirellula	Pirellulaceae	Pirellulales	Planctomycetia	Planctomycetes	Bacteria	bm4
125	2.23606797749979	1.2247448713915892	2.1533493378295736	8.603605814318218	3.0	1.75	5.812764532227989	16.493361431346415	tear-drop	['1.0', ' 5.0']	['0.5', ' 3.0']	Pirellula staleyi	Pirellula	Pirellulaceae	Pirellulales	Planctomycetia	Planctomycetes	Bacteria	bm4
128	2.23606797749979	2.23606797749979	5.854012275867273	15.707963267948964	2.25	2.25	5.964117303299373	15.904312808798329	spherical	['2.0', ' 2.5']	['2.0', ' 2.5']	Isosphaera pallida	Isosphaera	Isosphaeraceae	Isosphaerales	Planctomycetia	Planctomycetes	Bacteria	bm4
139	10.95445115010332	0.2449489742783178	0.5123686993686072	8.429777677248868	17.0	0.25	0.8303949331754271	13.351768777756622	helical	['4.0', ' 30.0']	['0.2', ' 0.3']	Borreliella burgdorferi	Borreliella	Borreliaceae	Spirochaetales	Spirochaetia	Spirochaetes	Bacteria	bm4
140	11.999999999999995	0.4242640687119284	1.6764670597167743	15.99437857737011	13.0	0.4499999999999999	2.0437041959305846	18.378317023500287	helical	['8.0', ' 18.0']	['0.3', ' 0.6']	Borrelia hermsii	Borrelia	Borreliaceae	Spirochaetales	Spirochaetia	Spirochaetes	Bacteria	bm4
141	11.999999999999995	0.4242640687119284	1.6764670597167743	15.99437857737011	13.0	0.4499999999999999	2.0437041959305846	18.378317023500287	helical	['8.0', ' 18.0']	['0.3', ' 0.6']	Borrelia parkeri	Borrelia	Borreliaceae	Spirochaetales	Spirochaetia	Spirochaetes	Bacteria	bm4
142	11.999999999999995	0.4242640687119284	1.6764670597167743	15.99437857737011	13.0	0.4499999999999999	2.0437041959305846	18.378317023500287	helical	['8.0', ' 18.0']	['0.3', ' 0.6']	Borrelia turicatae	Borrelia	Borreliaceae	Spirochaetales	Spirochaetia	Spirochaetes	Bacteria	bm4
143	12.649110640673515	0.2449489742783178	0.5922276464572803	9.733868822336664	14.0	0.25	0.6831327775384055	10.995574287564276	helical	['8.0', ' 20.0']	['0.2', ' 0.3']	Borrelia anserina	Borrelia	Borreliaceae	Spirochaetales	Spirochaetia	Spirochaetes	Bacteria	bm4
144	9.486832980505138	0.316227766016838	0.7368152963798779	9.424777960769381	16.5	0.35	1.5762613890152035	18.14269757448105	helical	['3.0', ' 30.0']	['0.2', ' 0.5']	Borrelia coriaceae	Borrelia	Borreliaceae	Spirochaetales	Spirochaetia	Spirochaetes	Bacteria	bm4
147	15.811388300841893	0.3	1.110572596431484	14.901882398694147	27.5	0.3	1.9367918709381076	25.918139392115798	helical	['5.0', ' 50.0']	['0.3', ' 0.3']	Spirochaeta aurantia	Spirochaeta	Spirochaetaceae	Spirochaetales	Spirochaetia	Spirochaetes	Bacteria	bm4
148	25.980762113533164	0.2449489742783178	1.2204669213676114	19.992973221712646	30.0	0.25	1.4685309409358538	23.561944901923447	helical	['15.0', ' 45.0']	['0.2', ' 0.3']	Sediminispirochaeta bajacaliforniensis	Sediminispirochaeta	Spirochaetaceae	Spirochaetales	Spirochaetia	Spirochaetes	Bacteria	bm4
149	21.213203435596427	0.4	2.6489746020758744	26.657297628950204	22.5	0.4	2.8106782274116684	28.274333882308134	helical	['15.0', ' 30.0']	['0.4', ' 0.4']	Spirochaeta halophila	Spirochaeta	Spirochaetaceae	Spirochaetales	Spirochaetia	Spirochaetes	Bacteria	bm4
150	12.247448713915889	0.4	1.5223046353750913	15.390597961942364	12.5	0.4	1.5540411659757511	15.707963267948966	helical	['10.0', ' 15.0']	['0.4', ' 0.4']	Spirochaeta isovalerica	Spirochaeta	Spirochaetaceae	Spirochaetales	Spirochaetia	Spirochaetes	Bacteria	bm4
151	6.2048368229954285	0.447213595499958	0.9512374398888244	8.717565823576447	6.25	0.45	0.970163081336698	8.835729338221293	helical	['5.5', ' 7.0']	['0.4', ' 0.5']	Oceanispirochaeta litoralis	Oceanispirochaeta	Spirochaetaceae	Spirochaetales	Spirochaetia	Spirochaetes	Bacteria	bm4
152	25.980762113533164	0.2449489742783178	1.2204669213676114	19.992973221712646	30.0	0.25	1.4685309409358538	23.561944901923447	helical	['15.0', ' 45.0']	['0.2', ' 0.3']	Treponema stenostreptum	Treponema	Treponemataceae	Spirochaetales	Spirochaetia	Spirochaetes	Bacteria	bm4
154	28.2842712474619	0.223606797749979	1.107793728401658	19.869176531592203	33.0	0.225	1.3091237480742124	23.32632545290421	helical	['16.0', ' 50.0']	['0.2', ' 0.25']	Spirochaeta thermophila	Spirochaeta	Spirochaetaceae	Spirochaetales	Spirochaetia	Spirochaetes	Bacteria	bm4
156	11.31370849898476	0.264575131106459	0.6171550188276325	9.403810686831198	12.0	0.275	0.707304224140049	10.36725575684632	helical	['8.0', ' 16.0']	['0.2', ' 0.35']	Treponema zuelzerae	Treponema	Treponemataceae	Spirochaetales	Spirochaetia	Spirochaetes	Bacteria	bm4
158	8.289525201649111	0.17738169422210556	0.203362469916381	4.619429330939323	9.120000000000001	0.1875	0.2461081960544813	5.317930964364122	helical	['6.8', ' 8.68', '5.0', ' 16.0']	['0.18', ' 0.22', '0.1', ' 0.25']	Treponema denticola	Treponema	Treponemataceae	Spirochaetales	Spirochaetia	Spirochaetes	Bacteria	bm4
159	4.69041575982343	0.282842712474619	0.2887836699493171	4.167793630437726	6.5	0.3	0.4523893421169303	6.1261056745000975	helical	['2.0', ' 11.0']	['0.2', ' 0.4']	Brachyspira hyodysenteriae	Brachyspira	Brachyspiraceae	Brachyspirales	Spirochaetia	Spirochaetes	Bacteria	bm4
160	10.95445115010332	0.18000000000000002	0.2772300143542654	6.194596186309115	13.0	0.18	0.3292828923933605	7.351326809400116	helical	['6.0', ' 20.0']	['0.18', ' 0.18']	Treponema pallidum	Treponema	Treponemataceae	Spirochaetales	Spirochaetia	Spirochaetes	Bacteria	bm4
162	9.486832980505138	0.316227766016838	0.7368152963798779	9.424777960769381	16.5	0.35	1.5762613890152035	18.14269757448105	helical	['3.0', ' 30.0']	['0.2', ' 0.5']	Treponema phagedenis	Treponema	Treponemataceae	Spirochaetales	Spirochaetia	Spirochaetes	Bacteria	bm4
163	10.954451150103326	0.2449489742783178	0.5123686993686074	8.429777677248872	11.0	0.25	0.5358706219013839	8.63937979737193	helical	['10.0', ' 12.0']	['0.2', ' 0.3']	Treponema bryantii	Treponema	Treponemataceae	Spirochaetales	Spirochaetia	Spirochaetes	Bacteria	bm4
164	10.246950765959596	0.2898275349237887	0.6696530098270619	9.330054170132566	11.0	0.29	0.7201868156899462	10.02168056495144	helical	['7.0', ' 15.0']	['0.28', ' 0.3']	Treponema pectinovorum	Treponema	Treponemataceae	Spirochaetales	Spirochaetia	Spirochaetes	Bacteria	bm4
165	15.491933384829666	0.648074069840786	5.039021665938965	31.541339914940313	16.0	0.6499999999999999	5.237394927692407	32.67256359733384	helical	['12.0', ' 20.0']	['0.6', ' 0.7']	Treponema saccharophilum	Treponema	Treponemataceae	Spirochaetales	Spirochaetia	Spirochaetes	Bacteria	bm4
167	5.656854249492379	0.3	0.3927908809636758	5.331459525790038	6.0	0.3	0.4170464247640451	5.654866776461628	helical	['4.0', ' 8.0']	['0.3', ' 0.3']	Treponema succinifaciens	Treponema	Treponemataceae	Spirochaetales	Spirochaetia	Spirochaetes	Bacteria	bm4
172	8.48528137423857	0.10000000000000002	0.06638144468457631	2.6657297628950194	9.0	0.1	0.0704240353179712	2.827433388230814	rod	['6.0', ' 12.0']	['0.1', ' 0.1']	Leptospira biflexa	Leptospira	Leptospiraceae	Leptospirales	Spirochaetia	Spirochaetes	Bacteria	bm4
173	8.48528137423857	0.10000000000000002	0.06638144468457631	2.6657297628950194	9.0	0.1	0.0704240353179712	2.827433388230814	rod	['6.0', ' 12.0']	['0.1', ' 0.1']	Leptospira interrogans	Leptospira	Leptospiraceae	Leptospirales	Spirochaetia	Spirochaetes	Bacteria	bm4
174	8.48528137423857	0.10000000000000002	0.06638144468457631	2.6657297628950194	9.0	0.1	0.0704240353179712	2.827433388230814	rod	['6.0', ' 12.0']	['0.1', ' 0.1']	Leptospira borgpetersenii	Leptospira	Leptospiraceae	Leptospirales	Spirochaetia	Spirochaetes	Bacteria	bm4
183	16.522711641858308	0.1414213562373095	0.2587976670675301	7.34084736457229	17.0	0.15	0.2995312245657019	8.011061266653973	rod	['13.0', ' 21.0']	['0.1', ' 0.2']	Leptonema illini	Leptonema	Leptospiraceae	Leptospirales	Spirochaetia	Spirochaetes	Bacteria	bm4
813	0.5477225575051662	0.5477225575051662	0.0860360581431821	0.9424777960769384	0.85	0.85	0.3215550980643052	2.2698006922186256	spherical	['0.2', ' 1.5']	['0.2', ' 1.5']	Chlamydia trachomatis	Chlamydia	Chlamydiaceae	Chlamydiales	Chlamydiia	Chlamydiae	Bacteria	bm4
826	4.898979485566357	0.3872983346207417	0.5619382535379379	5.960752959477659	7.0	0.4	0.8628907821859966	8.79645943005142	rod	['2.0', ' 12.0']	['0.3', ' 0.5']	Sebaldella termitidis	Sebaldella	Leptotrichiaceae	Fusobacteriales	Fusobacteriia	Fusobacteria	Bacteria	bm4
849	1.449137674618944	0.529150262212918	0.2798932789673064	2.4090096280091	1.85	0.55	0.3959715740462136	3.196570525027615	spheroid	['0.7', ' 3.0']	['0.4', ' 0.7']	Fusobacterium gonidiaformans	Fusobacterium	Fusobacteriaceae	Fusobacteriales	Fusobacteriia	Fusobacteria	Bacteria	bm4
851	3.0000000000000004	0.529150262212918	0.620945717137548	4.9871237292396495	3.0	0.55	0.669191960138101	5.18362787842316	rod	['3.0', ' 3.0']	['0.4', ' 0.7']	Fusobacterium nucleatum	Fusobacterium	Fusobacteriaceae	Fusobacteriales	Fusobacteriia	Fusobacteria	Bacteria	bm4
852	0.8944271909999159	0.6928203230275509	0.2501287376067124	1.9467737644673333	0.9	0.7	0.2565634000431664	1.9792033717615696	oval	['0.8', ' 1.0']	['0.6', ' 0.8']	Fusobacterium perfoetens	Fusobacterium	Fusobacteriaceae	Fusobacteriales	Fusobacteriia	Fusobacteria	Bacteria	bm4
855	6.32455532033676	0.529150262212918	1.3520536170951456	10.513779971646771	7.0	0.55	1.6195237378490135	12.095131716320704	spindle	['4.0', ' 10.0']	['0.4', ' 0.7']	Fusobacterium simiae	Fusobacterium	Fusobacteriaceae	Fusobacteriales	Fusobacteriia	Fusobacteria	Bacteria	bm4
856	1.1832159566199232	0.4582575694955839	0.1699580584975501	1.7034270439089167	1.35	0.5	0.2323469566717451	2.1205750411731104	rod	['0.7', ' 2.0']	['0.3', ' 0.7']	Fusobacterium varium	Fusobacterium	Fusobacteriaceae	Fusobacteriales	Fusobacteriia	Fusobacteria	Bacteria	bm4
858	2.449489742783178	0.7483314773547882	0.9676307326562682	5.758634455116962	2.75	0.75	1.1044661672776617	6.4795348480289485	rod	['1.5', ' 4.0']	['0.7', ' 0.8']	Fusobacterium necrogenes	Fusobacterium	Fusobacteriaceae	Fusobacteriales	Fusobacteriia	Fusobacteria	Bacteria	bm4
859	1.8	0.5916079783099616	0.4405919306518683	3.345464301234634	1.8	0.6	0.4523893421169302	3.392920065876977	rod	['1.8', ' 1.8']	['0.5', ' 0.7']	Fusobacterium necrophorum	Fusobacterium	Fusobacteriaceae	Fusobacteriales	Fusobacteriia	Fusobacteria	Bacteria	bm4
860	5.2915026221291805	0.7071067811865476	1.985408159304888	11.754763358538996	5.5	0.75	2.3193789512830896	12.959069696057895	rod	['4.0', ' 7.0']	['0.5', ' 1.0']	Fusobacterium periodonticum	Fusobacterium	Fusobacteriaceae	Fusobacteriales	Fusobacteriia	Fusobacteria	Bacteria	bm4
2087	0.5	0.5	0.0654498469497873	0.7853981633974483	0.5	0.5	0.0654498469497873	0.7853981633974483	spherical	['0.5', ' 0.5']	['0.5', ' 0.5']	Anaeroplasma abactoclasticum	Anaeroplasma	Anaeroplasmataceae	Anaeroplasmatales	Mollicutes	Tenericutes	Bacteria	bm4
2088	1.0488088481701516	1.0488088481701516	0.604070531612409	3.455751918948773	1.275	1.275	1.08524845596703	5.107051557491906	spherical	['0.55', ' 2.0']	['0.55', ' 2.0']	Anaeroplasma bactoclasticum	Anaeroplasma	Anaeroplasmataceae	Anaeroplasmatales	Mollicutes	Tenericutes	Bacteria	bm4
2089	1.0488088481701516	1.0488088481701516	0.604070531612409	3.455751918948773	1.275	1.275	1.08524845596703	5.107051557491906	spherical	['0.55', ' 2.0']	['0.55', ' 2.0']	Anaeroplasma varium	Anaeroplasma	Anaeroplasmataceae	Anaeroplasmatales	Mollicutes	Tenericutes	Bacteria	bm4
2090	1.0488088481701516	1.0488088481701516	0.604070531612409	3.455751918948773	1.275	1.275	1.08524845596703	5.107051557491906	spherical	['0.55', ' 2.0']	['0.55', ' 2.0']	Anaeroplasma intermedium	Anaeroplasma	Anaeroplasmataceae	Anaeroplasmatales	Mollicutes	Tenericutes	Bacteria	bm4
2094	0.4898979485566356	0.1581138830084189	0.008584270781860201	0.2433467205584167	0.55	0.275	0.0272230457156771	0.4751658888554563	spherical	['0.3', ' 0.8']	['0.05', ' 0.5']	Mycoplasmopsis arginini	Mycoplasmopsis	Mycoplasmataceae	Mycoplasmatales	Mollicutes	Tenericutes	Bacteria	bm4
2095	0.4898979485566356	0.1581138830084189	0.008584270781860201	0.2433467205584167	0.55	0.275	0.0272230457156771	0.4751658888554563	spherical	['0.3', ' 0.8']	['0.05', ' 0.5']	Mycoplasma capricolum	Mycoplasma	Mycoplasmataceae	Mycoplasmatales	Mollicutes	Tenericutes	Bacteria	bm4
2096	0.4898979485566356	0.1581138830084189	0.008584270781860201	0.2433467205584167	0.55	0.275	0.0272230457156771	0.4751658888554563	spherical	['0.3', ' 0.8']	['0.05', ' 0.5']	Mycoplasma gallisepticum	Mycoplasma	Mycoplasmataceae	Mycoplasmatales	Mollicutes	Tenericutes	Bacteria	bm4
2097	0.4898979485566356	0.1581138830084189	0.008584270781860201	0.2433467205584167	0.55	0.275	0.0272230457156771	0.4751658888554563	flask	['0.3', ' 0.8']	['0.05', ' 0.5']	Mycoplasma genitalium	Mycoplasma	Mycoplasmataceae	Mycoplasmatales	Mollicutes	Tenericutes	Bacteria	bm4
2098	0.4898979485566356	0.1581138830084189	0.008584270781860201	0.2433467205584167	0.55	0.275	0.0272230457156771	0.4751658888554563	spherical	['0.3', ' 0.8']	['0.05', ' 0.5']	Mycoplasma hominis	Mycoplasma	Mycoplasmataceae	Mycoplasmatales	Mollicutes	Tenericutes	Bacteria	bm4
2099	0.4898979485566356	0.1581138830084189	0.008584270781860201	0.2433467205584167	0.55	0.275	0.0272230457156771	0.4751658888554563	spherical	['0.3', ' 0.8']	['0.05', ' 0.5']	Mycoplasma hyopneumoniae	Mycoplasma	Mycoplasmataceae	Mycoplasmatales	Mollicutes	Tenericutes	Bacteria	bm4
2100	0.4898979485566356	0.1581138830084189	0.008584270781860201	0.2433467205584167	0.55	0.275	0.0272230457156771	0.4751658888554563	spherical	['0.3', ' 0.8']	['0.05', ' 0.5']	Mycoplasma hyorhinis	Mycoplasma	Mycoplasmataceae	Mycoplasmatales	Mollicutes	Tenericutes	Bacteria	bm4
2104	0.4898979485566356	0.1581138830084189	0.008584270781860201	0.2433467205584167	0.55	0.275	0.0272230457156771	0.4751658888554563	rod	['0.3', ' 0.8']	['0.05', ' 0.5']	Mycoplasma pneumoniae	Mycoplasma	Mycoplasmataceae	Mycoplasmatales	Mollicutes	Tenericutes	Bacteria	bm4
2107	0.4898979485566356	0.1581138830084189	0.008584270781860201	0.2433467205584167	0.55	0.275	0.0272230457156771	0.4751658888554563	spherical	['0.3', ' 0.8']	['0.05', ' 0.5']	Mycoplasmopsis pulmonis	Mycoplasmopsis	Mycoplasmataceae	Mycoplasmatales	Mollicutes	Tenericutes	Bacteria	bm4
2109	0.4898979485566356	0.1581138830084189	0.008584270781860201	0.2433467205584167	0.55	0.275	0.0272230457156771	0.4751658888554563	spherical	['0.3', ' 0.8']	['0.05', ' 0.5']	Mycoplasmopsis synoviae	Mycoplasmopsis	Mycoplasmataceae	Mycoplasmatales	Mollicutes	Tenericutes	Bacteria	bm4
2110	0.4898979485566356	0.1581138830084189	0.008584270781860201	0.2433467205584167	0.55	0.275	0.0272230457156771	0.4751658888554563	spherical	['0.3', ' 0.8']	['0.05', ' 0.5']	Mycoplasmopsis agalactiae	Mycoplasmopsis	Mycoplasmataceae	Mycoplasmatales	Mollicutes	Tenericutes	Bacteria	bm4
2111	0.4898979485566356	0.1581138830084189	0.008584270781860201	0.2433467205584167	0.55	0.275	0.0272230457156771	0.4751658888554563	filament	['0.3', ' 0.8']	['0.05', ' 0.5']	Mycoplasma arthritidis	Mycoplasma	Mycoplasmataceae	Mycoplasmatales	Mollicutes	Tenericutes	Bacteria	bm4
2113	0.4898979485566356	0.1581138830084189	0.008584270781860201	0.2433467205584167	0.55	0.275	0.0272230457156771	0.4751658888554563	spherical	['0.3', ' 0.8']	['0.05', ' 0.5']	Mycoplasmopsis californica	Mycoplasmopsis	Mycoplasmataceae	Mycoplasmatales	Mollicutes	Tenericutes	Bacteria	bm4
2114	0.2449489742783178	0.2449489742783178	0.007695298980971101	0.1884955592153875	0.25	0.25	0.0081812308687234	0.196349540849362	spherical	['0.2', ' 0.3']	['0.2', ' 0.3']	Entomoplasma ellychniae	Entomoplasma	Entomoplasmataceae	Entomoplasmatales	Mollicutes	Tenericutes	Bacteria	bm4
2115	0.4898979485566356	0.1581138830084189	0.008584270781860201	0.2433467205584167	0.55	0.275	0.0272230457156771	0.4751658888554563	filament	['0.3', ' 0.8']	['0.05', ' 0.5']	Mycoplasmopsis fermentans	Mycoplasmopsis	Mycoplasmataceae	Mycoplasmatales	Mollicutes	Tenericutes	Bacteria	bm4
2118	0.4898979485566356	0.1581138830084189	0.008584270781860201	0.2433467205584167	0.55	0.275	0.0272230457156771	0.4751658888554563	flask	['0.3', ' 0.8']	['0.05', ' 0.5']	Mycoplasma mobile	Mycoplasma	Mycoplasmataceae	Mycoplasmatales	Mollicutes	Tenericutes	Bacteria	bm4
2119	0.4898979485566356	0.1581138830084189	0.008584270781860201	0.2433467205584167	0.55	0.275	0.0272230457156771	0.4751658888554563	spherical	['0.3', ' 0.8']	['0.05', ' 0.5']	Mycoplasma muris	Mycoplasma	Mycoplasmataceae	Mycoplasmatales	Mollicutes	Tenericutes	Bacteria	bm4
2120	0.4898979485566356	0.1581138830084189	0.008584270781860201	0.2433467205584167	0.55	0.275	0.0272230457156771	0.4751658888554563	filament	['0.3', ' 0.8']	['0.05', ' 0.5']	Mycoplasma neurolyticum	Mycoplasma	Mycoplasmataceae	Mycoplasmatales	Mollicutes	Tenericutes	Bacteria	bm4
2121	0.4898979485566356	0.1581138830084189	0.008584270781860201	0.2433467205584167	0.55	0.275	0.0272230457156771	0.4751658888554563	spherical	['0.3', ' 0.8']	['0.05', ' 0.5']	Mycoplasma orale	Mycoplasma	Mycoplasmataceae	Mycoplasmatales	Mollicutes	Tenericutes	Bacteria	bm4
2122	0.4898979485566356	0.1581138830084189	0.008584270781860201	0.2433467205584167	0.55	0.275	0.0272230457156771	0.4751658888554563	flask	['0.3', ' 0.8']	['0.05', ' 0.5']	Mycoplasma pirum	Mycoplasma	Mycoplasmataceae	Mycoplasmatales	Mollicutes	Tenericutes	Bacteria	bm4
2123	0.4898979485566356	0.1581138830084189	0.008584270781860201	0.2433467205584167	0.55	0.275	0.0272230457156771	0.4751658888554563	spherical	['0.3', ' 0.8']	['0.05', ' 0.5']	Mycoplasma putrefaciens	Mycoplasma	Mycoplasmataceae	Mycoplasmatales	Mollicutes	Tenericutes	Bacteria	bm4
2124	0.4898979485566356	0.1581138830084189	0.008584270781860201	0.2433467205584167	0.55	0.275	0.0272230457156771	0.4751658888554563	spherical	['0.3', ' 0.8']	['0.05', ' 0.5']	Mycoplasma salivarium	Mycoplasma	Mycoplasmataceae	Mycoplasmatales	Mollicutes	Tenericutes	Bacteria	bm4
2125	0.4898979485566356	0.1581138830084189	0.008584270781860201	0.2433467205584167	0.55	0.275	0.0272230457156771	0.4751658888554563	spherical	['0.3', ' 0.8']	['0.05', ' 0.5']	Mycoplasma sualvi	Mycoplasma	Mycoplasmataceae	Mycoplasmatales	Mollicutes	Tenericutes	Bacteria	bm4
2127	0.4898979485566356	0.1581138830084189	0.008584270781860201	0.2433467205584167	0.55	0.275	0.0272230457156771	0.4751658888554563	spherical	['0.3', ' 0.8']	['0.05', ' 0.5']	Mycoplasma collis	Mycoplasma	Mycoplasmataceae	Mycoplasmatales	Mollicutes	Tenericutes	Bacteria	bm4
2128	0.4898979485566356	0.1581138830084189	0.008584270781860201	0.2433467205584167	0.55	0.275	0.0272230457156771	0.4751658888554563	spherical	['0.3', ' 0.8']	['0.05', ' 0.5']	Mycoplasma flocculare	Mycoplasma	Mycoplasmataceae	Mycoplasmatales	Mollicutes	Tenericutes	Bacteria	bm4
2130	0.5	0.5	0.0654498469497873	0.7853981633974483	0.5	0.5	0.0654498469497873	0.7853981633974483	spherical	['0.5', ' 0.5']	['0.5', ' 0.5']	Ureaplasma urealyticum	Ureaplasma	Mycoplasmataceae	Mycoplasmatales	Mollicutes	Tenericutes	Bacteria	bm4
2133	2.82842712474619	0.1414213562373095	0.0436883488918906	1.2566370614359172	3.0	0.15	0.0521308030955056	1.4137166941154071	helical	['2.0', ' 4.0']	['0.1', ' 0.2']	Spiroplasma citri	Spiroplasma	Spiroplasmataceae	Entomoplasmatales	Mollicutes	Tenericutes	Bacteria	bm4
2134	3.872983346207417	0.1414213562373095	0.0600961996499111	1.7207211628636432	4.0	0.15	0.0698022617719482	1.884955592153876	helical	['3.0', ' 5.0']	['0.1', ' 0.2']	Spiroplasma melliferum	Spiroplasma	Spiroplasmataceae	Entomoplasmatales	Mollicutes	Tenericutes	Bacteria	bm4
2136	3.872983346207417	0.1414213562373095	0.0600961996499111	1.7207211628636432	4.0	0.15	0.0698022617719482	1.884955592153876	helical	['3.0', ' 5.0']	['0.1', ' 0.2']	Spiroplasma monobiae	Spiroplasma	Spiroplasmataceae	Entomoplasmatales	Mollicutes	Tenericutes	Bacteria	bm4
2137	5.477225575051663	0.12247448713915889	0.06404608742107588	2.1074444193122197	6.5	0.125	0.0792556740407581	2.552544031041707	helical	['3.0', ' 10.0']	['0.1', ' 0.15']	Spiroplasma apis	Spiroplasma	Spiroplasmataceae	Entomoplasmatales	Mollicutes	Tenericutes	Bacteria	bm4
2139	3.872983346207417	0.1414213562373095	0.0600961996499111	1.7207211628636432	4.0	0.15	0.0698022617719482	1.884955592153876	helical	['3.0', ' 5.0']	['0.1', ' 0.2']	Spiroplasma clarkii	Spiroplasma	Spiroplasmataceae	Entomoplasmatales	Mollicutes	Tenericutes	Bacteria	bm4
2141	0.3872983346207417	0.3872983346207417	0.030418340069802003	0.471238898038469	0.4	0.4	0.0335103216382911	0.5026548245743669	spherical	['0.3', ' 0.5']	['0.3', ' 0.5']	Spiroplasma ixodetis	Spiroplasma	Spiroplasmataceae	Entomoplasmatales	Mollicutes	Tenericutes	Bacteria	bm4
2143	3.872983346207417	0.1414213562373095	0.0600961996499111	1.7207211628636432	4.0	0.15	0.0698022617719482	1.884955592153876	helical	['3.0', ' 5.0']	['0.1', ' 0.2']	Spiroplasma gladiatoris	Spiroplasma	Spiroplasmataceae	Entomoplasmatales	Mollicutes	Tenericutes	Bacteria	bm4
2144	3.872983346207417	0.1414213562373095	0.0600961996499111	1.7207211628636432	4.0	0.15	0.0698022617719482	1.884955592153876	helical	['3.0', ' 5.0']	['0.1', ' 0.2']	Spiroplasma mirum	Spiroplasma	Spiroplasmataceae	Entomoplasmatales	Mollicutes	Tenericutes	Bacteria	bm4
2145	3.4322004603461025	0.12649110640673522	0.0426004582999741	1.3638999367685751	3.45	0.13	0.0452174666618935	1.4090043051350225	helical	['3.1', ' 3.8']	['0.1', ' 0.16']	Spiroplasma taiwanense	Spiroplasma	Spiroplasmataceae	Entomoplasmatales	Mollicutes	Tenericutes	Bacteria	bm4
2148	3.162277660168379	0.3	0.2164596525098352	2.98037647973883	3.5	0.3	0.2403318379996192	3.2986722862692828	spherical	['2.0', ' 5.0']	['0.3', ' 0.3']	Acholeplasma laidlawii	Acholeplasma	Acholeplasmataceae	Acholeplasmatales	Mollicutes	Tenericutes	Bacteria	bm4
2149	1.1066819197003215	0.34086580994024984	0.08114396663606813	1.1851030875210384	1.95	0.35	0.13692107981895515	1.9006635554218247	spherical	['0.3', ' 0.5', '2.0', ' 5.0']	['0.3', ' 0.5', '0.3', ' 0.3']	Mesoplasma entomophilum	Mesoplasma	Entomoplasmataceae	Entomoplasmatales	Mollicutes	Tenericutes	Bacteria	bm4
2150	3.162277660168379	0.3	0.2164596525098352	2.98037647973883	3.5	0.3	0.2403318379996192	3.2986722862692828	spherical	['2.0', ' 5.0']	['0.3', ' 0.3']	Acholeplasma modicum	Acholeplasma	Acholeplasmataceae	Acholeplasmatales	Mollicutes	Tenericutes	Bacteria	bm4
2151	0.9013344775740001	0.27761735441429225	0.04383749620303761	0.7861084558398	1.88	0.28	0.12476730503976746	1.7555219748259763	spherical	['0.22', ' 0.3', '2.0', ' 5.0']	['0.22', ' 0.3', '0.3', ' 0.3']	Mesoplasma florum	Mesoplasma	Entomoplasmataceae	Entomoplasmatales	Mollicutes	Tenericutes	Bacteria	bm4
2333	1.0	0.5477225575051662	0.1926014199476435	1.7207211628636432	1.25	0.55	0.2534218073895767	2.159844949342983	rod	['0.5', ' 2.0']	['0.5', ' 0.6']	Propionigenium modestum	Propionigenium	Fusobacteriaceae	Fusobacteriales	Fusobacteriia	Fusobacteria	Bacteria	bm4
2736	1.949358868961793	0.8944271909999159	1.0374899075603423	5.477553959507076	2.4	0.9	1.3359622759390597	6.785840131753953	rod	['1.0', ' 3.8']	['0.8', ' 1.0']	Verrucomicrobium spinosum	Verrucomicrobium	Verrucomicrobiaceae	Verrucomicrobiales	Verrucomicrobiae	Verrucomicrobia	Bacteria	bm4
13264	4.69041575982343	0.282842712474619	0.2887836699493171	4.167793630437726	6.5	0.3	0.4523893421169303	6.1261056745000975	helical	['2.0', ' 11.0']	['0.2', ' 0.4']	Brachyspira innocens	Brachyspira	Brachyspiraceae	Brachyspirales	Spirochaetia	Spirochaetes	Bacteria	bm4
28122	1.2649110640673518	0.3464101615137754	0.1083322630041479	1.376576930290914	1.4	0.35	0.1234711362707738	1.5393804002589986	rod	['0.8', ' 2.0']	['0.3', ' 0.4']	Fibrobacter intestinalis	Fibrobacter	Fibrobacteraceae	Fibrobacterales	Fibrobacteria	Fibrobacteres	Bacteria	bm4
28182	8.48528137423857	0.10000000000000002	0.06638144468457631	2.6657297628950194	9.0	0.1	0.0704240353179712	2.827433388230814	rod	['6.0', ' 12.0']	['0.1', ' 0.1']	Leptospira noguchii	Leptospira	Leptospiraceae	Leptospirales	Spirochaetia	Spirochaetes	Bacteria	bm4
28183	8.48528137423857	0.10000000000000002	0.06638144468457631	2.6657297628950194	9.0	0.1	0.0704240353179712	2.827433388230814	rod	['6.0', ' 12.0']	['0.1', ' 0.1']	Leptospira santarosai	Leptospira	Leptospiraceae	Leptospirales	Spirochaetia	Spirochaetes	Bacteria	bm4
28184	8.48528137423857	0.10000000000000002	0.06638144468457631	2.6657297628950194	9.0	0.1	0.0704240353179712	2.827433388230814	rod	['6.0', ' 12.0']	['0.1', ' 0.1']	Leptospira weilii	Leptospira	Leptospiraceae	Leptospirales	Spirochaetia	Spirochaetes	Bacteria	bm4
28224	1.1066819197003215	0.34086580994024984	0.08114396663606813	1.1851030875210384	1.95	0.35	0.13692107981895515	1.9006635554218247	spherical	['0.3', ' 0.5', '2.0', ' 5.0']	['0.3', ' 0.5', '0.3', ' 0.3']	Mesoplasma seiffertii	Mesoplasma	Entomoplasmataceae	Entomoplasmatales	Mollicutes	Tenericutes	Bacteria	bm4
28227	0.4898979485566356	0.1581138830084189	0.008584270781860201	0.2433467205584167	0.55	0.275	0.0272230457156771	0.4751658888554563	flask	['0.3', ' 0.8']	['0.05', ' 0.5']	Mycoplasma penetrans	Mycoplasma	Mycoplasmataceae	Mycoplasmatales	Mollicutes	Tenericutes	Bacteria	bm4
28903	0.4898979485566356	0.1581138830084189	0.008584270781860201	0.2433467205584167	0.55	0.275	0.0272230457156771	0.4751658888554563	spherical	['0.3', ' 0.8']	['0.05', ' 0.5']	Mycoplasmopsis bovis	Mycoplasmopsis	Mycoplasmataceae	Mycoplasmatales	Mollicutes	Tenericutes	Bacteria	bm4
29501	0.4898979485566356	0.1581138830084189	0.008584270781860201	0.2433467205584167	0.55	0.275	0.0272230457156771	0.4751658888554563	spherical	['0.3', ' 0.8']	['0.05', ' 0.5']	Mycoplasma haemofelis	Mycoplasma	Mycoplasmataceae	Mycoplasmatales	Mollicutes	Tenericutes	Bacteria	bm4
29506	8.48528137423857	0.10000000000000002	0.06638144468457631	2.6657297628950194	9.0	0.1	0.0704240353179712	2.827433388230814	rod	['6.0', ' 12.0']	['0.1', ' 0.1']	Leptospira inadai	Leptospira	Leptospiraceae	Leptospirales	Spirochaetia	Spirochaetes	Bacteria	bm4
29507	8.48528137423857	0.10000000000000002	0.06638144468457631	2.6657297628950194	9.0	0.1	0.0704240353179712	2.827433388230814	rod	['6.0', ' 12.0']	['0.1', ' 0.1']	Leptospira kirschneri	Leptospira	Leptospiraceae	Leptospirales	Spirochaetia	Spirochaetes	Bacteria	bm4
29508	8.48528137423857	0.10000000000000002	0.06638144468457631	2.6657297628950194	9.0	0.1	0.0704240353179712	2.827433388230814	rod	['6.0', ' 12.0']	['0.1', ' 0.1']	Leptospira meyeri	Leptospira	Leptospiraceae	Leptospirales	Spirochaetia	Spirochaetes	Bacteria	bm4
29510	5.123475382979799	0.3	0.3550885505698164	4.828761787205247	5.5	0.3	0.3817035074111599	5.183627878423159	helical	['3.5', ' 7.5']	['0.3', ' 0.3']	Turneriella parva	Turneriella	Leptospiraceae	Leptospirales	Spirochaetia	Spirochaetes	Bacteria	bm4
29511	8.48528137423857	0.10000000000000002	0.06638144468457631	2.6657297628950194	9.0	0.1	0.0704240353179712	2.827433388230814	rod	['6.0', ' 12.0']	['0.1', ' 0.1']	Leptospira wolbachii	Leptospira	Leptospiraceae	Leptospirales	Spirochaetia	Spirochaetes	Bacteria	bm4
29518	9.486832980505138	0.316227766016838	0.7368152963798779	9.424777960769381	16.5	0.35	1.5762613890152035	18.14269757448105	helical	['3.0', ' 30.0']	['0.2', ' 0.5']	Borreliella afzelii	Borreliella	Borreliaceae	Spirochaetales	Spirochaetia	Spirochaetes	Bacteria	bm4
29519	9.486832980505138	0.316227766016838	0.7368152963798779	9.424777960769381	16.5	0.35	1.5762613890152035	18.14269757448105	helical	['3.0', ' 30.0']	['0.2', ' 0.5']	Borreliella garinii	Borreliella	Borreliaceae	Spirochaetales	Spirochaetia	Spirochaetes	Bacteria	bm4
29520	11.999999999999995	0.4242640687119284	1.6764670597167743	15.99437857737011	13.0	0.4499999999999999	2.0437041959305846	18.378317023500287	helical	['8.0', ' 18.0']	['0.3', ' 0.6']	Borrelia crocidurae	Borrelia	Borreliaceae	Spirochaetales	Spirochaetia	Spirochaetes	Bacteria	bm4
29522	4.69041575982343	0.282842712474619	0.2887836699493171	4.167793630437726	6.5	0.3	0.4523893421169303	6.1261056745000975	helical	['2.0', ' 11.0']	['0.2', ' 0.4']	Brachyspira aalborgi	Brachyspira	Brachyspiraceae	Brachyspirales	Spirochaetia	Spirochaetes	Bacteria	bm4
29552	3.162277660168379	0.3	0.2164596525098352	2.98037647973883	3.5	0.3	0.2403318379996192	3.2986722862692828	spherical	['2.0', ' 5.0']	['0.3', ' 0.3']	Acholeplasma axanthum	Acholeplasma	Acholeplasmataceae	Acholeplasmatales	Mollicutes	Tenericutes	Bacteria	bm4
29554	0.4898979485566356	0.1581138830084189	0.008584270781860201	0.2433467205584167	0.55	0.275	0.0272230457156771	0.4751658888554563	spherical	['0.3', ' 0.8']	['0.05', ' 0.5']	Mycoplasma canadense	Mycoplasma	Mycoplasmataceae	Mycoplasmatales	Mollicutes	Tenericutes	Bacteria	bm4
29555	0.4898979485566356	0.1581138830084189	0.008584270781860201	0.2433467205584167	0.55	0.275	0.0272230457156771	0.4751658888554563	filament	['0.3', ' 0.8']	['0.05', ' 0.5']	Mycoplasmopsis canis	Mycoplasmopsis	Mycoplasmataceae	Mycoplasmatales	Mollicutes	Tenericutes	Bacteria	bm4
29556	0.4898979485566356	0.1581138830084189	0.008584270781860201	0.2433467205584167	0.55	0.275	0.0272230457156771	0.4751658888554563	spherical	['0.3', ' 0.8']	['0.05', ' 0.5']	Mycoplasmopsis gallinacea	Mycoplasmopsis	Mycoplasmataceae	Mycoplasmatales	Mollicutes	Tenericutes	Bacteria	bm4
29557	0.4898979485566356	0.1581138830084189	0.008584270781860201	0.2433467205584167	0.55	0.275	0.0272230457156771	0.4751658888554563	spherical	['0.3', ' 0.8']	['0.05', ' 0.5']	Mycoplasmopsis gallinarum	Mycoplasmopsis	Mycoplasmataceae	Mycoplasmatales	Mollicutes	Tenericutes	Bacteria	bm4
29559	0.4898979485566356	0.1581138830084189	0.008584270781860201	0.2433467205584167	0.55	0.275	0.0272230457156771	0.4751658888554563	spherical	['0.3', ' 0.8']	['0.05', ' 0.5']	Mycoplasma hyosynoviae	Mycoplasma	Mycoplasmataceae	Mycoplasmatales	Mollicutes	Tenericutes	Bacteria	bm4
29560	0.4898979485566356	0.1581138830084189	0.008584270781860201	0.2433467205584167	0.55	0.275	0.0272230457156771	0.4751658888554563	oval	['0.3', ' 0.8']	['0.05', ' 0.5']	Mycoplasma imitans	Mycoplasma	Mycoplasmataceae	Mycoplasmatales	Mollicutes	Tenericutes	Bacteria	bm4
29561	0.4898979485566356	0.1581138830084189	0.008584270781860201	0.2433467205584167	0.55	0.275	0.0272230457156771	0.4751658888554563	spherical	['0.3', ' 0.8']	['0.05', ' 0.5']	Mycoplasmopsis meleagridis	Mycoplasmopsis	Mycoplasmataceae	Mycoplasmatales	Mollicutes	Tenericutes	Bacteria	bm4
33075	1.5905973720586866	0.4898979485566356	0.2690393452088432	2.4480244672677305	1.7	0.55	0.3603341323820543	2.937389131106457	rod	['1.1', ' 2.3']	['0.3', ' 0.8']	Acidobacterium capsulatum	Acidobacterium	Acidobacteriaceae	Acidobacteriales	Acidobacteriia	Acidobacteria	Bacteria	bm4
33922	0.4898979485566356	0.1581138830084189	0.008584270781860201	0.2433467205584167	0.55	0.275	0.0272230457156771	0.4751658888554563	spherical	['0.3', ' 0.8']	['0.05', ' 0.5']	Mycoplasmopsis agassizii	Mycoplasmopsis	Mycoplasmataceae	Mycoplasmatales	Mollicutes	Tenericutes	Bacteria	bm4
34095	10.95445115010332	0.2449489742783178	0.5123686993686072	8.429777677248868	17.0	0.25	0.8303949331754271	13.351768777756622	helical	['4.0', ' 30.0']	['0.2', ' 0.3']	Borreliella japonica	Borreliella	Borreliaceae	Spirochaetales	Spirochaetia	Spirochaetes	Bacteria	bm4
34097	4.472135954999579	0.2449489742783178	0.2068967924407362	3.4414423257272846	4.5	0.25	0.2168026180211706	3.5342917352885173	helical	['4.0', ' 5.0']	['0.2', ' 0.3']	Brevinema andersonii	Brevinema	Brevinemataceae	Brevinematales	Spirochaetia	Spirochaetes	Bacteria	bm4
35623	3.162277660168379	0.3	0.2164596525098352	2.98037647973883	3.5	0.3	0.2403318379996192	3.2986722862692828	spherical	['2.0', ' 5.0']	['0.3', ' 0.3']	Acholeplasma oculi	Acholeplasma	Acholeplasmataceae	Acholeplasmatales	Mollicutes	Tenericutes	Bacteria	bm4
35768	0.4898979485566356	0.1581138830084189	0.008584270781860201	0.2433467205584167	0.55	0.275	0.0272230457156771	0.4751658888554563	spherical	['0.3', ' 0.8']	['0.05', ' 0.5']	Mycoplasmopsis felifaucium	Mycoplasmopsis	Mycoplasmataceae	Mycoplasmatales	Mollicutes	Tenericutes	Bacteria	bm4
35839	1.7320508075688774	0.5916079783099616	0.4219134208229581	3.219174524803498	2.0	0.6	0.5089380098815465	3.769911184307752	rod	['1.0', ' 3.0']	['0.5', ' 0.7']	Holophaga foetida	Holophaga	Holophagaceae	Holophagales	Holophagae	Acidobacteria	Bacteria	bm4
36742	0.4898979485566356	0.1581138830084189	0.008584270781860201	0.2433467205584167	0.55	0.275	0.0272230457156771	0.4751658888554563	spherical	['0.3', ' 0.8']	['0.05', ' 0.5']	Mycoplasma leonicaptivi	Mycoplasma	Mycoplasmataceae	Mycoplasmatales	Mollicutes	Tenericutes	Bacteria	bm4
36743	0.4898979485566356	0.1581138830084189	0.008584270781860201	0.2433467205584167	0.55	0.275	0.0272230457156771	0.4751658888554563	spherical	['0.3', ' 0.8']	['0.05', ' 0.5']	Mycoplasma leopharyngis	Mycoplasma	Mycoplasmataceae	Mycoplasmatales	Mollicutes	Tenericutes	Bacteria	bm4
38746	0.4898979485566356	0.1581138830084189	0.008584270781860201	0.2433467205584167	0.55	0.275	0.0272230457156771	0.4751658888554563	spherical	['0.3', ' 0.8']	['0.05', ' 0.5']	Mycoplasma microti	Mycoplasma	Mycoplasmataceae	Mycoplasmatales	Mollicutes	Tenericutes	Bacteria	bm4
38986	3.162277660168379	0.3	0.2164596525098352	2.98037647973883	3.5	0.3	0.2403318379996192	3.2986722862692828	spherical	['2.0', ' 5.0']	['0.3', ' 0.3']	Acholeplasma palmae	Acholeplasma	Acholeplasmataceae	Acholeplasmatales	Mollicutes	Tenericutes	Bacteria	bm4
39047	0.4898979485566356	0.1581138830084189	0.008584270781860201	0.2433467205584167	0.55	0.275	0.0272230457156771	0.4751658888554563	spherical	['0.3', ' 0.8']	['0.05', ' 0.5']	Mycoplasmopsis sturni	Mycoplasmopsis	Mycoplasmataceae	Mycoplasmatales	Mollicutes	Tenericutes	Bacteria	bm4
40542	8.660254037844386	1.095445115010332	7.817952906481248	29.803764797388297	10.0	1.15	9.98872656701222	36.12831551628262	rod	['5.0', ' 15.0']	['0.8', ' 1.5']	Leptotrichia buccalis	Leptotrichia	Leptotrichiaceae	Fusobacteriales	Fusobacteriia	Fusobacteria	Bacteria	bm4
40834	11.999999999999995	0.4242640687119284	1.6764670597167743	15.99437857737011	13.0	0.4499999999999999	2.0437041959305846	18.378317023500287	helical	['8.0', ' 18.0']	['0.3', ' 0.6']	Borrelia duttonii	Borrelia	Borreliaceae	Spirochaetales	Spirochaetia	Spirochaetes	Bacteria	bm4
40835	11.999999999999995	0.4242640687119284	1.6764670597167743	15.99437857737011	13.0	0.4499999999999999	2.0437041959305846	18.378317023500287	helical	['8.0', ' 18.0']	['0.3', ' 0.6']	Borrelia hispanica	Borrelia	Borreliaceae	Spirochaetales	Spirochaetia	Spirochaetes	Bacteria	bm4
42092	0.5	0.5	0.0654498469497873	0.7853981633974483	0.5	0.5	0.0654498469497873	0.7853981633974483	spherical	['0.5', ' 0.5']	['0.5', ' 0.5']	Ureaplasma canigenitalium	Ureaplasma	Mycoplasmataceae	Mycoplasmatales	Mollicutes	Tenericutes	Bacteria	bm4
42093	0.675	0.675	0.16103116718908297	1.4313881527918495	0.675	0.675	0.161031167189083	1.4313881527918495	spherical	['0.675', ' 0.675']	['0.675', ' 0.675']	Ureaplasma cati	Ureaplasma	Mycoplasmataceae	Mycoplasmatales	Mollicutes	Tenericutes	Bacteria	bm4
42094	0.5	0.5	0.0654498469497873	0.7853981633974483	0.5	0.5	0.0654498469497873	0.7853981633974483	spherical	['0.5', ' 0.5']	['0.5', ' 0.5']	Ureaplasma diversum	Ureaplasma	Mycoplasmataceae	Mycoplasmatales	Mollicutes	Tenericutes	Bacteria	bm4
42095	0.8	0.8	0.268082573106329	2.010619298297468	0.8	0.8	0.268082573106329	2.010619298297468	spherical	['0.8', ' 0.8']	['0.8', ' 0.8']	Ureaplasma felinum	Ureaplasma	Mycoplasmataceae	Mycoplasmatales	Mollicutes	Tenericutes	Bacteria	bm4
42096	0.5	0.5	0.0654498469497873	0.7853981633974483	0.5	0.5	0.0654498469497873	0.7853981633974483	spherical	['0.5', ' 0.5']	['0.5', ' 0.5']	Ureaplasma gallorale	Ureaplasma	Mycoplasmataceae	Mycoplasmatales	Mollicutes	Tenericutes	Bacteria	bm4
44448	11.999999999999995	0.4242640687119284	1.6764670597167743	15.99437857737011	13.0	0.4499999999999999	2.0437041959305846	18.378317023500287	helical	['8.0', ' 18.0']	['0.3', ' 0.6']	Borrelia persica	Borrelia	Borreliaceae	Spirochaetales	Spirochaetia	Spirochaetes	Bacteria	bm4
44449	11.999999999999995	0.4242640687119284	1.6764670597167743	15.99437857737011	13.0	0.4499999999999999	2.0437041959305846	18.378317023500287	helical	['8.0', ' 18.0']	['0.3', ' 0.6']	Borrelia recurrentis	Borrelia	Borreliaceae	Spirochaetales	Spirochaetia	Spirochaetes	Bacteria	bm4
44676	1.414213562373095	0.10000000000000002	0.010845407957596703	0.4442882938158365	1.5	0.1	0.0115191730631625	0.4712388980384689	rod	['1.0', ' 2.0']	['0.1', ' 0.1']	Geothrix fermentans	Geothrix	Holophagaceae	Holophagales	Holophagae	Acidobacteria	Bacteria	bm4
45361	0.4898979485566356	0.1581138830084189	0.008584270781860201	0.2433467205584167	0.55	0.275	0.0272230457156771	0.4751658888554563	spherical	['0.3', ' 0.8']	['0.05', ' 0.5']	Mycoplasma conjunctivae	Mycoplasma	Mycoplasmataceae	Mycoplasmatales	Mollicutes	Tenericutes	Bacteria	bm4
45362	0.4898979485566356	0.1581138830084189	0.008584270781860201	0.2433467205584167	0.55	0.275	0.0272230457156771	0.4751658888554563	spherical	['0.3', ' 0.8']	['0.05', ' 0.5']	Mycoplasma bovoculi	Mycoplasma	Mycoplasmataceae	Mycoplasmatales	Mollicutes	Tenericutes	Bacteria	bm4
45363	0.4898979485566356	0.1581138830084189	0.008584270781860201	0.2433467205584167	0.55	0.275	0.0272230457156771	0.4751658888554563	spherical	['0.3', ' 0.8']	['0.05', ' 0.5']	Mycoplasma alkalescens	Mycoplasma	Mycoplasmataceae	Mycoplasmatales	Mollicutes	Tenericutes	Bacteria	bm4
45622	1.7320508075688774	1.0	1.098550135376514	5.441398092702654	1.85	1.0	1.1911872144861295	5.811946409141117	rod	['1.2', ' 2.5']	['1.0', ' 1.0']	Propionigenium maris	Propionigenium	Fusobacteriaceae	Fusobacteriales	Fusobacteriia	Fusobacteria	Bacteria	bm4
46355	21.213203435596427	0.273861278752583	1.2441835727230912	18.25100404188125	22.5	0.275	1.3309594532628355	19.438604544086846	helical	['15.0', ' 30.0']	['0.25', ' 0.3']	Spirochaeta africana	Spirochaeta	Spirochaetaceae	Spirochaetales	Spirochaetia	Spirochaetes	Bacteria	bm4
46356	12.727922061357853	0.447213595499958	1.975881273067796	17.88225887843298	13.5	0.45	2.123225759974577	19.085175370557995	helical	['9.0', ' 18.0']	['0.4', ' 0.5']	Alkalispirochaeta alkalica	Alkalispirochaeta	Spirochaetaceae	Spirochaetales	Spirochaetia	Spirochaetes	Bacteria	bm4
46357	18.371173070873837	0.223606797749979	0.718507273328115	12.905408721477324	18.75	0.225	0.7425326042607718	13.25359400733194	helical	['15.0', ' 22.5']	['0.2', ' 0.25']	Spirochaeta asiatica	Spirochaeta	Spirochaetaceae	Spirochaetales	Spirochaetia	Spirochaetes	Bacteria	bm4
47466	10.95445115010332	0.2449489742783178	0.5123686993686072	8.429777677248868	17.0	0.25	0.8303949331754271	13.351768777756622	helical	['4.0', ' 30.0']	['0.2', ' 0.3']	Borrelia miyamotoi	Borrelia	Borreliaceae	Spirochaetales	Spirochaetia	Spirochaetes	Bacteria	bm4
47687	0.4898979485566356	0.1581138830084189	0.008584270781860201	0.2433467205584167	0.55	0.275	0.0272230457156771	0.4751658888554563	spherical	['0.3', ' 0.8']	['0.05', ' 0.5']	Mycoplasmopsis alligatoris	Mycoplasmopsis	Mycoplasmataceae	Mycoplasmatales	Mollicutes	Tenericutes	Bacteria	bm4
47834	5.477225575051663	0.12247448713915889	0.06404608742107588	2.1074444193122197	6.5	0.125	0.0792556740407581	2.552544031041707	helical	['3.0', ' 10.0']	['0.1', ' 0.15']	Spiroplasma kunkelii	Spiroplasma	Spiroplasmataceae	Entomoplasmatales	Mollicutes	Tenericutes	Bacteria	bm4
47835	3.872983346207417	0.1414213562373095	0.0600961996499111	1.7207211628636432	4.0	0.15	0.0698022617719482	1.884955592153876	helical	['3.0', ' 5.0']	['0.1', ' 0.2']	Spiroplasma phoeniceum	Spiroplasma	Spiroplasmataceae	Entomoplasmatales	Mollicutes	Tenericutes	Bacteria	bm4
48003	0.4898979485566356	0.1581138830084189	0.008584270781860201	0.2433467205584167	0.55	0.275	0.0272230457156771	0.4751658888554563	spherical	['0.3', ' 0.8']	['0.05', ' 0.5']	Mycoplasmopsis pullorum	Mycoplasmopsis	Mycoplasmataceae	Mycoplasmatales	Mollicutes	Tenericutes	Bacteria	bm4
48464	5.477225575051663	0.5	1.0427258033148834	8.603605814318218	6.5	0.5	1.2435470920459597	10.210176124166829	fusiform	['3.0', ' 10.0']	['0.5', ' 0.5']	Prosthecobacter fusiformis	Prosthecobacter	Verrucomicrobiaceae	Verrucomicrobiales	Verrucomicrobiae	Verrucomicrobia	Bacteria	bm4
48465	5.477225575051663	1.0	4.040003519359959	17.20721162863643	6.5	1.0	4.843288674284264	20.420352248333657	fusiform	['3.0', ' 10.0']	['1.0', ' 1.0']	Prosthecobacter dejongeii	Prosthecobacter	Verrucomicrobiaceae	Verrucomicrobiales	Verrucomicrobiae	Verrucomicrobia	Bacteria	bm4
48466	4.0	0.5	0.7526732399225546	6.283185307179585	5.0	0.5	0.9490227807719166	7.853981633974483	fusiform	['2.0', ' 8.0']	['0.5', ' 0.5']	Prosthecobacter vanneervenii	Prosthecobacter	Verrucomicrobiaceae	Verrucomicrobiales	Verrucomicrobiae	Verrucomicrobia	Bacteria	bm4
48467	4.0	0.5	0.7526732399225546	6.283185307179585	5.0	0.5	0.9490227807719166	7.853981633974483	fusiform	['2.0', ' 8.0']	['0.5', ' 0.5']	Prosthecobacter debontii	Prosthecobacter	Verrucomicrobiaceae	Verrucomicrobiales	Verrucomicrobiae	Verrucomicrobia	Bacteria	bm4
48782	8.48528137423857	0.10000000000000002	0.06638144468457631	2.6657297628950194	9.0	0.1	0.0704240353179712	2.827433388230814	rod	['6.0', ' 12.0']	['0.1', ' 0.1']	Leptospira fainei	Leptospira	Leptospiraceae	Leptospirales	Spirochaetia	Spirochaetes	Bacteria	bm4
50052	0.4898979485566356	0.1581138830084189	0.008584270781860201	0.2433467205584167	0.55	0.275	0.0272230457156771	0.4751658888554563	spherical	['0.3', ' 0.8']	['0.05', ' 0.5']	Mycoplasma crocodyli	Mycoplasma	Mycoplasmataceae	Mycoplasmatales	Mollicutes	Tenericutes	Bacteria	bm4
51160	4.999999999999999	0.2	0.1549852375770964	3.141592653589793	5.0	0.2	0.1549852375770964	3.141592653589793	helical	['5.0', ' 5.0']	['0.2', ' 0.2']	Treponema maltophilum	Treponema	Treponemataceae	Spirochaetales	Spirochaetia	Spirochaetes	Bacteria	bm4
51362	0.4898979485566356	0.1581138830084189	0.008584270781860201	0.2433467205584167	0.55	0.275	0.0272230457156771	0.4751658888554563	spherical	['0.3', ' 0.8']	['0.05', ' 0.5']	Mycoplasmopsis adleri	Mycoplasmopsis	Mycoplasmataceae	Mycoplasmatales	Mollicutes	Tenericutes	Bacteria	bm4
51363	0.4898979485566356	0.1581138830084189	0.008584270781860201	0.2433467205584167	0.55	0.275	0.0272230457156771	0.4751658888554563	spherical	['0.3', ' 0.8']	['0.05', ' 0.5']	Mycoplasma auris	Mycoplasma	Mycoplasmataceae	Mycoplasmatales	Mollicutes	Tenericutes	Bacteria	bm4
51364	0.4898979485566356	0.1581138830084189	0.008584270781860201	0.2433467205584167	0.55	0.275	0.0272230457156771	0.4751658888554563	spherical	['0.3', ' 0.8']	['0.05', ' 0.5']	Mycoplasma cottewii	Mycoplasma	Mycoplasmataceae	Mycoplasmatales	Mollicutes	Tenericutes	Bacteria	bm4
51365	0.4898979485566356	0.1581138830084189	0.008584270781860201	0.2433467205584167	0.55	0.275	0.0272230457156771	0.4751658888554563	spherical	['0.3', ' 0.8']	['0.05', ' 0.5']	Mycoplasma yeatsii	Mycoplasma	Mycoplasmataceae	Mycoplasmatales	Mollicutes	Tenericutes	Bacteria	bm4
52584	4.69041575982343	0.282842712474619	0.2887836699493171	4.167793630437726	6.5	0.3	0.4523893421169303	6.1261056745000975	helical	['2.0', ' 11.0']	['0.2', ' 0.4']	Brachyspira pilosicoli	Brachyspira	Brachyspiraceae	Brachyspirales	Spirochaetia	Spirochaetes	Bacteria	bm4
53418	4.999999999999999	0.15	0.08747372044839069	2.356194490192345	5.0	0.15	0.0874737204483907	2.356194490192345	helical	['5.0', ' 5.0']	['0.15', ' 0.15']	Treponema lecithinolyticum	Treponema	Treponemataceae	Spirochaetales	Spirochaetia	Spirochaetes	Bacteria	bm4
53419	9.486832980505138	0.1697056274847714	0.21330755625500622	5.057866606349323	10.5	0.1699999999999999	0.2370428522906984	5.60774288665778	helical	['6.0', ' 15.0']	['0.16', ' 0.18']	Treponema socranskii	Treponema	Treponemataceae	Spirochaetales	Spirochaetia	Spirochaetes	Bacteria	bm4
53435	10.95445115010332	0.18000000000000002	0.2772300143542654	6.194596186309115	13.0	0.18	0.3292828923933605	7.351326809400116	helical	['6.0', ' 20.0']	['0.18', ' 0.18']	Treponema paraluiscuniculi	Treponema	Treponemataceae	Spirochaetales	Spirochaetia	Spirochaetes	Bacteria	bm4
53558	0.4898979485566356	0.1581138830084189	0.008584270781860201	0.2433467205584167	0.55	0.275	0.0272230457156771	0.4751658888554563	spherical	['0.3', ' 0.8']	['0.05', ' 0.5']	Mycoplasmopsis edwardii	Mycoplasmopsis	Mycoplasmataceae	Mycoplasmatales	Mollicutes	Tenericutes	Bacteria	bm4
55206	12.247448713915889	0.3872983346207417	1.427659388897196	14.901882398694154	17.5	0.4	2.1823596966937098	21.991148575128552	spiral	['5.0', ' 30.0']	['0.3', ' 0.5']	Sediminispirochaeta smaragdinae	Sediminispirochaeta	Spirochaetaceae	Spirochaetales	Spirochaetia	Spirochaetes	Bacteria	bm4
55602	0.4898979485566356	0.1581138830084189	0.008584270781860201	0.2433467205584167	0.55	0.275	0.0272230457156771	0.4751658888554563	spherical	['0.3', ' 0.8']	['0.05', ' 0.5']	Mycoplasma buccale	Mycoplasma	Mycoplasmataceae	Mycoplasmatales	Mollicutes	Tenericutes	Bacteria	bm4
55604	0.4898979485566356	0.1581138830084189	0.008584270781860201	0.2433467205584167	0.55	0.275	0.0272230457156771	0.4751658888554563	spherical	['0.3', ' 0.8']	['0.05', ' 0.5']	Mycoplasmopsis primatum	Mycoplasmopsis	Mycoplasmataceae	Mycoplasmatales	Mollicutes	Tenericutes	Bacteria	bm4
55966	0.4898979485566356	0.1581138830084189	0.008584270781860201	0.2433467205584167	0.55	0.275	0.0272230457156771	0.4751658888554563	spherical	['0.3', ' 0.8']	['0.05', ' 0.5']	Mycoplasma haemomuris	Mycoplasma	Mycoplasmataceae	Mycoplasmatales	Mollicutes	Tenericutes	Bacteria	bm4
56142	0.4898979485566356	0.1581138830084189	0.008584270781860201	0.2433467205584167	0.55	0.275	0.0272230457156771	0.4751658888554563	spherical	['0.3', ' 0.8']	['0.05', ' 0.5']	Mycoplasma faucium	Mycoplasma	Mycoplasmataceae	Mycoplasmatales	Mollicutes	Tenericutes	Bacteria	bm4
56146	9.486832980505138	0.316227766016838	0.7368152963798779	9.424777960769381	16.5	0.35	1.5762613890152035	18.14269757448105	helical	['3.0', ' 30.0']	['0.2', ' 0.5']	Borreliella tanukii	Borreliella	Borreliaceae	Spirochaetales	Spirochaetia	Spirochaetes	Bacteria	bm4
57372	0.4898979485566356	0.1581138830084189	0.008584270781860201	0.2433467205584167	0.55	0.275	0.0272230457156771	0.4751658888554563	spherical	['0.3', ' 0.8']	['0.05', ' 0.5']	Mycoplasma suis	Mycoplasma	Mycoplasmataceae	Mycoplasmatales	Mollicutes	Tenericutes	Bacteria	bm4
57863	9.486832980505138	0.316227766016838	0.7368152963798779	9.424777960769381	16.5	0.35	1.5762613890152035	18.14269757448105	helical	['3.0', ' 30.0']	['0.2', ' 0.5']	Borreliella turdi	Borreliella	Borreliaceae	Spirochaetales	Spirochaetia	Spirochaetes	Bacteria	bm4
58231	8.944271909999157	0.2449489742783178	0.4176412343719579	6.88288465145457	10.5	0.25	0.5113269292952137	8.246680715673207	helical	['5.0', ' 16.0']	['0.2', ' 0.3']	Treponema medium	Treponema	Treponemataceae	Spirochaetales	Spirochaetia	Spirochaetes	Bacteria	bm4
59892	6.999999999999999	0.25	0.33952108105202194	5.497787143782138	7.0	0.25	0.3395210810520219	5.497787143782138	helical	['7.0', ' 7.0']	['0.25', ' 0.25']	Treponema amylovorum	Treponema	Treponemataceae	Spirochaetales	Spirochaetia	Spirochaetes	Bacteria	bm4
60452	0.65	0.65	0.1437933137486828	1.3273228961416876	0.65	0.65	0.1437933137486828	1.3273228961416876	spherical	['0.65', ' 0.65']	['0.65', ' 0.65']	Candidatus Mycoplasma ravipulmonis	Mycoplasma	Mycoplasmataceae	Mycoplasmatales	Mollicutes	Tenericutes	Bacteria	bm4
61635	3.162277660168379	0.3	0.2164596525098352	2.98037647973883	3.5	0.3	0.2403318379996192	3.2986722862692828	spherical	['2.0', ' 5.0']	['0.3', ' 0.3']	Acholeplasma brassicae	Acholeplasma	Acholeplasmataceae	Acholeplasmatales	Mollicutes	Tenericutes	Bacteria	bm4
62088	9.486832980505138	0.316227766016838	0.7368152963798779	9.424777960769381	16.5	0.35	1.5762613890152035	18.14269757448105	helical	['3.0', ' 30.0']	['0.2', ' 0.5']	Borreliella valaisiana	Borreliella	Borreliaceae	Spirochaetales	Spirochaetia	Spirochaetes	Bacteria	bm4
63686	0.4898979485566356	0.1581138830084189	0.008584270781860201	0.2433467205584167	0.55	0.275	0.0272230457156771	0.4751658888554563	spherical	['0.3', ' 0.8']	['0.05', ' 0.5']	Mycoplasma spermatophilum	Mycoplasma	Mycoplasmataceae	Mycoplasmatales	Mollicutes	Tenericutes	Bacteria	bm4
65123	0.4898979485566356	0.1581138830084189	0.008584270781860201	0.2433467205584167	0.55	0.275	0.0272230457156771	0.4751658888554563	spherical	['0.3', ' 0.8']	['0.05', ' 0.5']	Mycoplasma wenyonii	Mycoplasma	Mycoplasmataceae	Mycoplasmatales	Mollicutes	Tenericutes	Bacteria	bm4
69473	3.162277660168379	0.3	0.2164596525098352	2.98037647973883	3.5	0.3	0.2403318379996192	3.2986722862692828	spherical	['2.0', ' 5.0']	['0.3', ' 0.3']	Acholeplasma vituli	Acholeplasma	Acholeplasmataceae	Acholeplasmatales	Mollicutes	Tenericutes	Bacteria	bm4
69710	9.486832980505138	0.316227766016838	0.7368152963798779	9.424777960769381	16.5	0.35	1.5762613890152035	18.14269757448105	helical	['3.0', ' 30.0']	['0.2', ' 0.5']	Treponema vincentii	Treponema	Treponemataceae	Spirochaetales	Spirochaetia	Spirochaetes	Bacteria	bm4
71667	0.316227766016838	0.316227766016838	0.016557647109660102	0.31415926535897937	0.35	0.35	0.022449297503777	0.3848451000647496	spherical	['0.2', ' 0.5']	['0.2', ' 0.5']	Waddlia chondrophila	Waddlia	Waddliaceae	Parachlamydiales	Chlamydiia	Chlamydiae	Bacteria	bm4
74700	0.6	0.6	0.1130973355292325	1.1309733552923256	0.75	0.75	0.2208932334555323	1.7671458676442586	spherical	['0.3', ' 1.2']	['0.3', ' 1.2']	Entomoplasma freundtii	Entomoplasma	Entomoplasmataceae	Entomoplasmatales	Mollicutes	Tenericutes	Bacteria	bm4
76629	0.4898979485566356	0.1581138830084189	0.008584270781860201	0.2433467205584167	0.55	0.275	0.0272230457156771	0.4751658888554563	spherical	['0.3', ' 0.8']	['0.05', ' 0.5']	Mycoplasmopsis gallopavonis	Mycoplasmopsis	Mycoplasmataceae	Mycoplasmatales	Mollicutes	Tenericutes	Bacteria	bm4
78554	0.848528137423857	0.848528137423857	0.3198875715474024	2.261946710584651	0.8500000000000001	0.8500000000000001	0.3215550980643053	2.269800692218626	spherical	['0.8', ' 0.9']	['0.8', ' 0.9']	Alterococcus agarolyticus	Alterococcus	Opitutaceae	Opitutales	Opitutae	Verrucomicrobia	Bacteria	bm4
78580	0.4898979485566356	0.1581138830084189	0.008584270781860201	0.2433467205584167	0.55	0.275	0.0272230457156771	0.4751658888554563	spherical	['0.3', ' 0.8']	['0.05', ' 0.5']	Mycoplasma alvi	Mycoplasma	Mycoplasmataceae	Mycoplasmatales	Mollicutes	Tenericutes	Bacteria	bm4
81028	6.324555320336757	0.3708099243547831	0.6696547442354164	7.367687846671536	6.5	0.4	0.8000589291142006	8.168140899333462	helical	['5.0', ' 8.0']	['0.25', ' 0.55']	Treponema brennaborense	Treponema	Treponemataceae	Spirochaetales	Spirochaetia	Spirochaetes	Bacteria	bm4
81459	0.223606797749979	0.223606797749979	0.0058540122758672	0.1570796326794896	0.225	0.225	0.0059641173032993	0.1590431280879833	spherical	['0.2', ' 0.25']	['0.2', ' 0.25']	Entomoplasma melaleucae	Entomoplasma	Entomoplasmataceae	Entomoplasmatales	Mollicutes	Tenericutes	Bacteria	bm4
83552	0.4898979485566356	0.4898979485566356	0.0615623918477694	0.7539822368615504	0.5	0.5	0.0654498469497873	0.7853981633974483	spherical	['0.4', ' 0.6']	['0.4', ' 0.6']	Parachlamydia acanthamoebae	Parachlamydia	Parachlamydiaceae	Parachlamydiales	Chlamydiia	Chlamydiae	Bacteria	bm4
83554	0.5477225575051662	0.5477225575051662	0.0860360581431821	0.9424777960769384	0.85	0.85	0.3215550980643052	2.2698006922186256	spherical	['0.2', ' 1.5']	['0.2', ' 1.5']	Chlamydia psittaci	Chlamydia	Chlamydiaceae	Chlamydiales	Chlamydiia	Chlamydiae	Bacteria	bm4
83555	0.5477225575051662	0.5477225575051662	0.0860360581431821	0.9424777960769384	0.85	0.85	0.3215550980643052	2.2698006922186256	spherical	['0.2', ' 1.5']	['0.2', ' 1.5']	Chlamydia abortus	Chlamydia	Chlamydiaceae	Chlamydiales	Chlamydiia	Chlamydiae	Bacteria	bm4
83556	0.5477225575051662	0.5477225575051662	0.0860360581431821	0.9424777960769384	0.85	0.85	0.3215550980643052	2.2698006922186256	spherical	['0.2', ' 1.5']	['0.2', ' 1.5']	Chlamydia felis	Chlamydia	Chlamydiaceae	Chlamydiales	Chlamydiia	Chlamydiae	Bacteria	bm4
83557	0.5477225575051662	0.5477225575051662	0.0860360581431821	0.9424777960769384	0.85	0.85	0.3215550980643052	2.2698006922186256	spherical	['0.2', ' 1.5']	['0.2', ' 1.5']	Chlamydia caviae	Chlamydia	Chlamydiaceae	Chlamydiales	Chlamydiia	Chlamydiae	Bacteria	bm4
83558	0.5477225575051662	0.5477225575051662	0.0860360581431821	0.9424777960769384	0.85	0.85	0.3215550980643052	2.2698006922186256	spherical	['0.2', ' 1.5']	['0.2', ' 1.5']	Chlamydia pneumoniae	Chlamydia	Chlamydiaceae	Chlamydiales	Chlamydiia	Chlamydiae	Bacteria	bm4
83559	0.5477225575051662	0.5477225575051662	0.0860360581431821	0.9424777960769384	0.85	0.85	0.3215550980643052	2.2698006922186256	spherical	['0.2', ' 1.5']	['0.2', ' 1.5']	Chlamydia suis	Chlamydia	Chlamydiaceae	Chlamydiales	Chlamydiia	Chlamydiae	Bacteria	bm4
83561	0.3741657386773941	0.3741657386773941	0.027427781169924302	0.4398229715025711	0.4499999999999999	0.4499999999999999	0.0477129384263949	0.636172512351933	spherical	['0.2', ' 0.7']	['0.2', ' 0.7']	Simkania negevensis	Simkania	Simkaniaceae	Parachlamydiales	Chlamydiia	Chlamydiae	Bacteria	bm4
84377	4.69041575982343	0.282842712474619	0.2887836699493171	4.167793630437726	6.5	0.3	0.4523893421169303	6.1261056745000975	helical	['2.0', ' 11.0']	['0.2', ' 0.4']	Brachyspira intermedia	Brachyspira	Brachyspiraceae	Brachyspirales	Spirochaetia	Spirochaetes	Bacteria	bm4
84378	4.69041575982343	0.282842712474619	0.2887836699493171	4.167793630437726	6.5	0.3	0.4523893421169303	6.1261056745000975	helical	['2.0', ' 11.0']	['0.2', ' 0.4']	Brachyspira murdochii	Brachyspira	Brachyspiraceae	Brachyspirales	Spirochaetia	Spirochaetes	Bacteria	bm4
84379	4.69041575982343	0.282842712474619	0.2887836699493171	4.167793630437726	6.5	0.3	0.4523893421169303	6.1261056745000975	helical	['2.0', ' 11.0']	['0.2', ' 0.4']	Brachyspira alvinipulli	Brachyspira	Brachyspiraceae	Brachyspirales	Spirochaetia	Spirochaetes	Bacteria	bm4
85991	0.5477225575051662	0.5477225575051662	0.0860360581431821	0.9424777960769384	0.85	0.85	0.3215550980643052	2.2698006922186256	spherical	['0.2', ' 1.5']	['0.2', ' 1.5']	Chlamydia pecorum	Chlamydia	Chlamydiaceae	Chlamydiales	Chlamydiia	Chlamydiae	Bacteria	bm4
86660	0.4898979485566356	0.1581138830084189	0.008584270781860201	0.2433467205584167	0.55	0.275	0.0272230457156771	0.4751658888554563	spherical	['0.3', ' 0.8']	['0.05', ' 0.5']	Mycoplasma dispar	Mycoplasma	Mycoplasmataceae	Mycoplasmatales	Mollicutes	Tenericutes	Bacteria	bm4
87162	10.95445115010332	0.2449489742783178	0.5123686993686072	8.429777677248868	17.0	0.25	0.8303949331754271	13.351768777756622	helical	['4.0', ' 30.0']	['0.2', ' 0.3']	Borreliella sinica	Borreliella	Borreliaceae	Spirochaetales	Spirochaetia	Spirochaetes	Bacteria	bm4
88916	9.486832980505138	0.316227766016838	0.7368152963798779	9.424777960769381	16.5	0.35	1.5762613890152035	18.14269757448105	helical	['3.0', ' 30.0']	['0.2', ' 0.5']	Borreliella spielmanii	Borreliella	Borreliaceae	Spirochaetales	Spirochaetia	Spirochaetes	Bacteria	bm4
92400	0.4898979485566356	0.1581138830084189	0.008584270781860201	0.2433467205584167	0.55	0.275	0.0272230457156771	0.4751658888554563	spherical	['0.3', ' 0.8']	['0.05', ' 0.5']	Mycoplasma anseris	Mycoplasma	Mycoplasmataceae	Mycoplasmatales	Mollicutes	Tenericutes	Bacteria	bm4
92401	0.4898979485566356	0.1581138830084189	0.008584270781860201	0.2433467205584167	0.55	0.275	0.0272230457156771	0.4751658888554563	spherical	['0.3', ' 0.8']	['0.05', ' 0.5']	Mycoplasma cloacale	Mycoplasma	Mycoplasmataceae	Mycoplasmatales	Mollicutes	Tenericutes	Bacteria	bm4
92402	0.4898979485566356	0.1581138830084189	0.008584270781860201	0.2433467205584167	0.55	0.275	0.0272230457156771	0.4751658888554563	spherical	['0.3', ' 0.8']	['0.05', ' 0.5']	Mycoplasma equirhinis	Mycoplasma	Mycoplasmataceae	Mycoplasmatales	Mollicutes	Tenericutes	Bacteria	bm4
92403	0.4898979485566356	0.1581138830084189	0.008584270781860201	0.2433467205584167	0.55	0.275	0.0272230457156771	0.4751658888554563	spherical	['0.3', ' 0.8']	['0.05', ' 0.5']	Mycoplasma falconis	Mycoplasma	Mycoplasmataceae	Mycoplasmatales	Mollicutes	Tenericutes	Bacteria	bm4
92404	0.4898979485566356	0.1581138830084189	0.008584270781860201	0.2433467205584167	0.55	0.275	0.0272230457156771	0.4751658888554563	spherical	['0.3', ' 0.8']	['0.05', ' 0.5']	Mycoplasma gypis	Mycoplasma	Mycoplasmataceae	Mycoplasmatales	Mollicutes	Tenericutes	Bacteria	bm4
92406	0.4898979485566356	0.1581138830084189	0.008584270781860201	0.2433467205584167	0.55	0.275	0.0272230457156771	0.4751658888554563	spherical	['0.3', ' 0.8']	['0.05', ' 0.5']	Mycoplasma spumans	Mycoplasma	Mycoplasmataceae	Mycoplasmatales	Mollicutes	Tenericutes	Bacteria	bm4
92407	0.4898979485566356	0.1581138830084189	0.008584270781860201	0.2433467205584167	0.55	0.275	0.0272230457156771	0.4751658888554563	spherical	['0.3', ' 0.8']	['0.05', ' 0.5']	Mycoplasma subdolum	Mycoplasma	Mycoplasmataceae	Mycoplasmatales	Mollicutes	Tenericutes	Bacteria	bm4
92757	0.4898979485566356	0.1581138830084189	0.008584270781860201	0.2433467205584167	0.55	0.275	0.0272230457156771	0.4751658888554563	filament	['0.3', ' 0.8']	['0.05', ' 0.5']	Mycoplasma cavipharyngis	Mycoplasma	Mycoplasmataceae	Mycoplasmatales	Mollicutes	Tenericutes	Bacteria	bm4
92758	0.4898979485566356	0.1581138830084189	0.008584270781860201	0.2433467205584167	0.55	0.275	0.0272230457156771	0.4751658888554563	filament	['0.3', ' 0.8']	['0.05', ' 0.5']	Mycoplasma fastidiosum	Mycoplasma	Mycoplasmataceae	Mycoplasmatales	Mollicutes	Tenericutes	Bacteria	bm4
100053	8.48528137423857	0.10000000000000002	0.06638144468457631	2.6657297628950194	9.0	0.1	0.0704240353179712	2.827433388230814	rod	['6.0', ' 12.0', '6.0', ' 12.0']	['0.1', ' 0.1', '0.1', ' 0.1']	Leptospira alexanderi	Leptospira	Leptospiraceae	Leptospirales	Spirochaetia	Spirochaetes	Bacteria	bm4
100177	10.95445115010332	0.2449489742783178	0.5123686993686072	8.429777677248868	17.0	0.25	0.8303949331754271	13.351768777756622	helical	['4.0', ' 30.0']	['0.2', ' 0.3']	Borreliella lusitaniae	Borreliella	Borreliaceae	Spirochaetales	Spirochaetia	Spirochaetes	Bacteria	bm4
107709	0.6000000000000001	0.6000000000000001	0.1130973355292325	1.1309733552923258	0.65	0.65	0.1437933137486828	1.3273228961416876	spherical	['0.4', ' 0.9']	['0.4', ' 0.9']	Opitutus terrae	Opitutus	Opitutaceae	Opitutales	Opitutae	Verrucomicrobia	Bacteria	bm4
109328	8.831760866327846	0.848528137423857	4.834299324291428	23.543087800141645	9.5	0.8500000000000001	5.229999094987084	25.368360677737584	rod	['6.0', ' 13.0']	['0.8', ' 0.9']	Leptotrichia trevisanii	Leptotrichia	Leptotrichiaceae	Fusobacteriales	Fusobacteriia	Fusobacteria	Bacteria	bm4
112235	0.4898979485566356	0.4898979485566356	0.0615623918477694	0.7539822368615504	0.5	0.5	0.0654498469497873	0.7853981633974483	spherical	['0.4', ' 0.6']	['0.4', ' 0.6']	Neochlamydia hartmannellae	Neochlamydia	Parachlamydiaceae	Parachlamydiales	Chlamydiia	Chlamydiae	Bacteria	bm4
112247	0.4898979485566356	0.1581138830084189	0.008584270781860201	0.2433467205584167	0.55	0.275	0.0272230457156771	0.4751658888554563	spherical	['0.3', ' 0.8']	['0.05', ' 0.5']	Candidatus Mycoplasma haemodidelphidis	Mycoplasma	Mycoplasmataceae	Mycoplasmatales	Mollicutes	Tenericutes	Bacteria	bm4
114880	0.4898979485566356	0.1581138830084189	0.008584270781860201	0.2433467205584167	0.55	0.275	0.0272230457156771	0.4751658888554563	spherical	['0.3', ' 0.8']	['0.05', ' 0.5']	Mycoplasmopsis columbinasalis	Mycoplasmopsis	Mycoplasmataceae	Mycoplasmatales	Mollicutes	Tenericutes	Bacteria	bm4
114881	0.4898979485566356	0.1581138830084189	0.008584270781860201	0.2433467205584167	0.55	0.275	0.0272230457156771	0.4751658888554563	spherical	['0.3', ' 0.8', '0.3', ' 0.8']	['0.05', ' 0.5', '0.05', ' 0.5']	Mycoplasmopsis columbina	Mycoplasmopsis	Mycoplasmataceae	Mycoplasmatales	Mollicutes	Tenericutes	Bacteria	bm4
114882	0.4898979485566356	0.1581138830084189	0.008584270781860201	0.2433467205584167	0.55	0.275	0.0272230457156771	0.4751658888554563	spherical	['0.3', ' 0.8']	['0.05', ' 0.5']	Mycoplasma elephantis	Mycoplasma	Mycoplasmataceae	Mycoplasmatales	Mollicutes	Tenericutes	Bacteria	bm4
114884	0.4898979485566356	0.1581138830084189	0.008584270781860201	0.2433467205584167	0.55	0.275	0.0272230457156771	0.4751658888554563	spherical	['0.3', ' 0.8']	['0.05', ' 0.5']	Mycoplasmopsis lipofaciens	Mycoplasmopsis	Mycoplasmataceae	Mycoplasmatales	Mollicutes	Tenericutes	Bacteria	bm4
114885	0.4898979485566356	0.1581138830084189	0.008584270781860201	0.2433467205584167	0.55	0.275	0.0272230457156771	0.4751658888554563	filament	['0.3', ' 0.8']	['0.05', ' 0.5']	Mycoplasmopsis maculosa	Mycoplasmopsis	Mycoplasmataceae	Mycoplasmatales	Mollicutes	Tenericutes	Bacteria	bm4
134551	2.5922962793631443	0.8366600265340756	1.2718633578358476	6.81370817563567	2.6500000000000004	0.85	1.3429654095626868	7.07643745221101	rod	['2.1', ' 3.2']	['0.7', ' 1.0']	Candidatus Xiphinematobacter americani	Candidatus Xiphinematobacter			Spartobacteria	Verrucomicrobia	Bacteria	bm4
134552	2.5922962793631443	0.8366600265340756	1.2718633578358476	6.81370817563567	2.6500000000000004	0.85	1.3429654095626868	7.07643745221101	rod	['2.1', ' 3.2']	['0.7', ' 1.0']	Candidatus Xiphinematobacter brevicolli	Candidatus Xiphinematobacter			Spartobacteria	Verrucomicrobia	Bacteria	bm4
134553	2.5922962793631443	0.8366600265340756	1.2718633578358476	6.81370817563567	2.6500000000000004	0.85	1.3429654095626868	7.07643745221101	rod	['2.1', ' 3.2']	['0.7', ' 1.0']	Candidatus Xiphinematobacter rivesi	Candidatus Xiphinematobacter			Spartobacteria	Verrucomicrobia	Bacteria	bm4
134605	6.32455532033676	0.529150262212918	1.3520536170951456	10.513779971646771	7.0	0.55	1.6195237378490135	12.095131716320704	rod	['4.0', ' 10.0']	['0.4', ' 0.7']	Fusobacterium equinum	Fusobacterium	Fusobacteriaceae	Fusobacteriales	Fusobacteriia	Fusobacteria	Bacteria	bm4
134821	0.5	0.5	0.0654498469497873	0.7853981633974483	0.5	0.5	0.0654498469497873	0.7853981633974483	spherical	['0.5', ' 0.5']	['0.5', ' 0.5']	Ureaplasma parvum	Ureaplasma	Mycoplasmataceae	Mycoplasmatales	Mollicutes	Tenericutes	Bacteria	bm4
136241	0.4898979485566356	0.1581138830084189	0.008584270781860201	0.2433467205584167	0.55	0.275	0.0272230457156771	0.4751658888554563	spherical	['0.3', ' 0.8']	['0.05', ' 0.5']	Mycoplasma haemocanis	Mycoplasma	Mycoplasmataceae	Mycoplasmatales	Mollicutes	Tenericutes	Bacteria	bm4
138851	1.0	0.18000000000000002	0.023920086464432604	0.5654866776461628	1.0	0.18	0.0239200864644326	0.5654866776461628	helical	['1.0', ' 1.0']	['0.18', ' 0.18']	Treponema parvum	Treponema	Treponemataceae	Spirochaetales	Spirochaetia	Spirochaetes	Bacteria	bm4
138853	0.3872983346207417	0.3872983346207417	0.030418340069802003	0.471238898038469	0.4	0.4	0.0335103216382911	0.5026548245743669	spherical	['0.3', ' 0.5']	['0.3', ' 0.5']	Mesoplasma lactucae	Mesoplasma	Entomoplasmataceae	Entomoplasmatales	Mollicutes	Tenericutes	Bacteria	bm4
141391	0.4898979485566356	0.1581138830084189	0.008584270781860201	0.2433467205584167	0.55	0.275	0.0272230457156771	0.4751658888554563	spherical	['0.3', ' 0.8']	['0.05', ' 0.5']	Candidatus Mycoplasma haemolamae	Mycoplasma	Mycoplasmataceae	Mycoplasmatales	Mollicutes	Tenericutes	Bacteria	bm4
142649	0.4898979485566356	0.1581138830084189	0.008584270781860201	0.2433467205584167	0.55	0.275	0.0272230457156771	0.4751658888554563	spherical	['0.3', ' 0.8']	['0.05', ' 0.5']	Mycoplasma phocicerebrale	Mycoplasma	Mycoplasmataceae	Mycoplasmatales	Mollicutes	Tenericutes	Bacteria	bm4
142650	0.4898979485566356	0.1581138830084189	0.008584270781860201	0.2433467205584167	0.55	0.275	0.0272230457156771	0.4751658888554563	spherical	['0.3', ' 0.8']	['0.05', ' 0.5']	Mycoplasmopsis phocirhinis	Mycoplasmopsis	Mycoplasmataceae	Mycoplasmatales	Mollicutes	Tenericutes	Bacteria	bm4
142651	0.4898979485566356	0.1581138830084189	0.008584270781860201	0.2433467205584167	0.55	0.275	0.0272230457156771	0.4751658888554563	spherical	['0.3', ' 0.8']	['0.05', ' 0.5']	Mycoplasma phocidae	Mycoplasma	Mycoplasmataceae	Mycoplasmatales	Mollicutes	Tenericutes	Bacteria	bm4
150829	10.954451150103326	0.2449489742783178	0.5123686993686074	8.429777677248872	11.0	0.25	0.5358706219013839	8.63937979737193	helical	['10.0', ' 12.0']	['0.2', ' 0.3']	Treponema azotonutricium	Treponema	Treponemataceae	Spirochaetales	Spirochaetia	Spirochaetes	Bacteria	bm4
157692	8.660254037844386	1.2247448713915892	9.721665237506778	33.321622036187755	10.0	1.75	22.649737660060783	54.97787143782138	rod	['5.0', ' 15.0']	['0.5', ' 3.0']	Pseudoleptotrichia goodfellowii	Pseudoleptotrichia	Leptotrichiaceae	Fusobacteriales	Fusobacteriia	Fusobacteria	Bacteria	bm4
159291	35.35533905932737	0.3872983346207417	4.149993584488567	43.01802907159106	127.5	0.475	22.565638697345744	190.26270508303185	helical	['5.0', ' 250.0']	['0.2', ' 0.75']	Alkalispirochaeta americana	Alkalispirochaeta	Spirochaetaceae	Spirochaetales	Spirochaetia	Spirochaetes	Bacteria	bm4
167642	2.121320343559643	0.7	0.7265825498714915	4.665027085066286	2.25	0.7	0.7761042851305783	4.948008429403924	rod	['1.5', ' 3.0']	['0.7', ' 0.7']	Ilyobacter polytropus	Ilyobacter	Fusobacteriaceae	Fusobacteriales	Fusobacteriia	Fusobacteria	Bacteria	bm4
167643	1.224744871391589	0.8944271909999159	0.5822015052693656	3.4414423257272846	1.25	0.9	0.6043638867343365	3.5342917352885173	rod	['1.0', ' 1.5']	['0.8', ' 1.0']	Ilyobacter insuetus	Ilyobacter	Fusobacteriaceae	Fusobacteriales	Fusobacteriia	Fusobacteria	Bacteria	bm4
167644	1.7320508075688774	1.095445115010332	1.288275195238067	5.960752959477659	1.85	1.1	1.4096588036045203	6.39314105005523	rod	['1.2', ' 2.5']	['1.0', ' 1.2']	Ilyobacter tartaricus	Ilyobacter	Fusobacteriaceae	Fusobacteriales	Fusobacteriia	Fusobacteria	Bacteria	bm4
171279	0.4898979485566356	0.1581138830084189	0.008584270781860201	0.2433467205584167	0.55	0.275	0.0272230457156771	0.4751658888554563	spherical	['0.3', ' 0.8']	['0.05', ' 0.5']	Mycoplasmopsis anatis	Mycoplasmopsis	Mycoplasmataceae	Mycoplasmatales	Mollicutes	Tenericutes	Bacteria	bm4
171280	0.4898979485566356	0.1581138830084189	0.008584270781860201	0.2433467205584167	0.55	0.275	0.0272230457156771	0.4751658888554563	spherical	['0.3', ' 0.8']	['0.05', ' 0.5']	Mycoplasma buteonis	Mycoplasma	Mycoplasmataceae	Mycoplasmatales	Mollicutes	Tenericutes	Bacteria	bm4
171282	0.4898979485566356	0.1581138830084189	0.008584270781860201	0.2433467205584167	0.55	0.275	0.0272230457156771	0.4751658888554563	spherical	['0.3', ' 0.8']	['0.05', ' 0.5']	Mycoplasmopsis columboralis	Mycoplasmopsis	Mycoplasmataceae	Mycoplasmatales	Mollicutes	Tenericutes	Bacteria	bm4
171283	0.4898979485566356	0.1581138830084189	0.008584270781860201	0.2433467205584167	0.55	0.275	0.0272230457156771	0.4751658888554563	spherical	['0.3', ' 0.8']	['0.05', ' 0.5']	Mycoplasmopsis cricetuli	Mycoplasmopsis	Mycoplasmataceae	Mycoplasmatales	Mollicutes	Tenericutes	Bacteria	bm4
171284	0.4898979485566356	0.1581138830084189	0.008584270781860201	0.2433467205584167	0.55	0.275	0.0272230457156771	0.4751658888554563	spherical	['0.3', ' 0.8']	['0.05', ' 0.5']	Mycoplasmopsis cynos	Mycoplasmopsis	Mycoplasmataceae	Mycoplasmatales	Mollicutes	Tenericutes	Bacteria	bm4
171285	0.4898979485566356	0.1581138830084189	0.008584270781860201	0.2433467205584167	0.55	0.275	0.0272230457156771	0.4751658888554563	spherical	['0.3', ' 0.8']	['0.05', ' 0.5']	Mycoplasmopsis glycophila	Mycoplasmopsis	Mycoplasmataceae	Mycoplasmatales	Mollicutes	Tenericutes	Bacteria	bm4
171286	0.4898979485566356	0.1581138830084189	0.008584270781860201	0.2433467205584167	0.55	0.275	0.0272230457156771	0.4751658888554563	spherical	['0.3', ' 0.8']	['0.05', ' 0.5']	Mycoplasma lagogenitalium	Mycoplasma	Mycoplasmataceae	Mycoplasmatales	Mollicutes	Tenericutes	Bacteria	bm4
171287	0.4898979485566356	0.1581138830084189	0.008584270781860201	0.2433467205584167	0.55	0.275	0.0272230457156771	0.4751658888554563	spherical	['0.3', ' 0.8']	['0.05', ' 0.5']	Mycoplasma moatsii	Mycoplasma	Mycoplasmataceae	Mycoplasmatales	Mollicutes	Tenericutes	Bacteria	bm4
171288	0.4898979485566356	0.1581138830084189	0.008584270781860201	0.2433467205584167	0.55	0.275	0.0272230457156771	0.4751658888554563	spherical	['0.3', ' 0.8']	['0.05', ' 0.5']	Mycoplasma molare	Mycoplasma	Mycoplasmataceae	Mycoplasmatales	Mollicutes	Tenericutes	Bacteria	bm4
171289	0.4898979485566356	0.1581138830084189	0.008584270781860201	0.2433467205584167	0.55	0.275	0.0272230457156771	0.4751658888554563	spherical	['0.3', ' 0.8']	['0.05', ' 0.5']	Mycoplasmopsis mustelae	Mycoplasmopsis	Mycoplasmataceae	Mycoplasmatales	Mollicutes	Tenericutes	Bacteria	bm4
171290	0.4898979485566356	0.1581138830084189	0.008584270781860201	0.2433467205584167	0.55	0.275	0.0272230457156771	0.4751658888554563	spherical	['0.3', ' 0.8']	['0.05', ' 0.5']	Mycoplasma oxoniensis	Mycoplasma	Mycoplasmataceae	Mycoplasmatales	Mollicutes	Tenericutes	Bacteria	bm4
171291	0.4898979485566356	0.1581138830084189	0.008584270781860201	0.2433467205584167	0.55	0.275	0.0272230457156771	0.4751658888554563	spherical	['0.3', ' 0.8']	['0.05', ' 0.5']	Mycoplasmopsis verecunda	Mycoplasmopsis	Mycoplasmataceae	Mycoplasmatales	Mollicutes	Tenericutes	Bacteria	bm4
171632	0.4898979485566356	0.1581138830084189	0.008584270781860201	0.2433467205584167	0.55	0.275	0.0272230457156771	0.4751658888554563	spherical	['0.3', ' 0.8']	['0.05', ' 0.5']	Mycoplasma ovis	Mycoplasma	Mycoplasmataceae	Mycoplasmatales	Mollicutes	Tenericutes	Bacteria	bm4
172901	0.806225774829855	0.806225774829855	0.2743902385618562	2.042035224833366	0.9	0.9	0.3817035074111599	2.5446900494077327	spherical	['0.5', ' 1.3']	['0.5', ' 1.3']	Victivallis vadensis	Victivallis	Victivallaceae	Victivallales	Lentisphaeria	Lentisphaerae	Bacteria	bm4
173480	2.8284271247461903	0.7	0.9987091298336916	6.220036113421714	2.85	0.7	1.0070113451694285	6.267477343911638	rod	['2.5', ' 3.2']	['0.7', ' 0.7']	Gemmatimonas aurantiaca	Gemmatimonas	Gemmatimonadaceae	Gemmatimonadales	Gemmatimonadetes	Gemmatimonadetes	Bacteria	bm4
174922	6.324555320336757	0.24	0.2824970273179922	4.768602367582127	6.5	0.24	0.2904339576390691	4.900884539600077	helical	['5.0', ' 8.0']	['0.24', ' 0.24']	Treponema refringens	Treponema	Treponemataceae	Spirochaetales	Spirochaetia	Spirochaetes	Bacteria	bm4
180163	6.32455532033676	0.529150262212918	1.3520536170951456	10.513779971646771	7.0	0.55	1.6195237378490135	12.095131716320704	rod	['4.0', ' 10.0']	['0.4', ' 0.7']	Cetobacterium ceti	Cetobacterium	Fusobacteriaceae	Fusobacteriales	Fusobacteriia	Fusobacteria	Bacteria	bm4
188913	6.32455532033676	0.529150262212918	1.3520536170951456	10.513779971646771	7.0	0.55	1.6195237378490135	12.095131716320704	rod	['4.0', ' 10.0']	['0.4', ' 0.7']	Cetobacterium somerae	Cetobacterium	Fusobacteriaceae	Fusobacteriales	Fusobacteriia	Fusobacteria	Bacteria	bm4
206681	2.5	2.5	8.18123086872342	19.634954084936204	2.5	2.5	8.18123086872342	19.634954084936208	spherical	['2.5', ' 2.5']	['2.5', ' 2.5']	Candidatus Fritschea bemisiae	Candidatus Fritschea	Simkaniaceae	Parachlamydiales	Chlamydiia	Chlamydiae	Bacteria	bm4
206690	2.5	2.5	8.18123086872342	19.634954084936204	2.5	2.5	8.18123086872342	19.634954084936208	spherical	['2.5', ' 2.5']	['2.5', ' 2.5']	Candidatus Fritschea eriococci	Candidatus Fritschea	Simkaniaceae	Parachlamydiales	Chlamydiia	Chlamydiae	Bacteria	bm4
209274	0.2449489742783178	0.2449489742783178	0.007695298980971101	0.1884955592153875	0.25	0.25	0.0081812308687234	0.196349540849362	spherical	['0.2', ' 0.3']	['0.2', ' 0.3']	Entomoplasma lucivorax	Entomoplasma	Entomoplasmataceae	Entomoplasmatales	Mollicutes	Tenericutes	Bacteria	bm4
209446	0.4242640687119284	0.4242640687119284	0.0399859464434252	0.5654866776461627	0.4499999999999999	0.4499999999999999	0.0477129384263949	0.636172512351933	spherical	['0.3', ' 0.6']	['0.3', ' 0.6']	Candidatus Mycoplasma haemominutum	Mycoplasma	Mycoplasmataceae	Mycoplasmatales	Mollicutes	Tenericutes	Bacteria	bm4
214888	0.2449489742783178	0.2449489742783178	0.007695298980971101	0.1884955592153875	0.25	0.25	0.0081812308687234	0.196349540849362	spherical	['0.2', ' 0.3']	['0.2', ' 0.3']	Entomoplasma luminosum	Entomoplasma	Entomoplasmataceae	Entomoplasmatales	Mollicutes	Tenericutes	Bacteria	bm4
215578	0.2449489742783178	0.2449489742783178	0.007695298980971101	0.1884955592153875	0.25	0.25	0.0081812308687234	0.196349540849362	spherical	['0.2', ' 0.3']	['0.2', ' 0.3']	Entomoplasma somnilux	Entomoplasma	Entomoplasmataceae	Entomoplasmatales	Mollicutes	Tenericutes	Bacteria	bm4
215591	25.980762113533164	0.2449489742783178	1.2204669213676114	19.992973221712646	30.0	0.25	1.4685309409358538	23.561944901923447	helical	['15.0', ' 45.0']	['0.2', ' 0.3']	Treponema caldarium	Treponema	Treponemataceae	Spirochaetales	Spirochaetia	Spirochaetes	Bacteria	bm4
216427	0.3872983346207417	0.3872983346207417	0.030418340069802003	0.471238898038469	0.4	0.4	0.0335103216382911	0.5026548245743669	spherical	['0.3', ' 0.5']	['0.3', ' 0.5']	Mesoplasma chauliocola	Mesoplasma	Entomoplasmataceae	Entomoplasmatales	Mollicutes	Tenericutes	Bacteria	bm4
216874	0.3872983346207417	0.3872983346207417	0.030418340069802003	0.471238898038469	0.4	0.4	0.0335103216382911	0.5026548245743669	spherical	['0.3', ' 0.5']	['0.3', ' 0.5']	Mesoplasma corruscae	Mesoplasma	Entomoplasmataceae	Entomoplasmatales	Mollicutes	Tenericutes	Bacteria	bm4
216932	3.872983346207417	0.1414213562373095	0.0600961996499111	1.7207211628636432	4.0	0.15	0.0698022617719482	1.884955592153876	helical	['3.0', ' 5.0']	['0.1', ' 0.2']	Spiroplasma chinense	Spiroplasma	Spiroplasmataceae	Entomoplasmatales	Mollicutes	Tenericutes	Bacteria	bm4
216934	3.872983346207417	0.1414213562373095	0.0600961996499111	1.7207211628636432	4.0	0.15	0.0698022617719482	1.884955592153876	helical	['3.0', ' 5.0']	['0.1', ' 0.2']	Spiroplasma corruscae	Spiroplasma	Spiroplasmataceae	Entomoplasmatales	Mollicutes	Tenericutes	Bacteria	bm4
216936	1.414213562373095	0.1414213562373095	0.021473934201098697	0.6283185307179586	1.5	0.15	0.0256236150808417	0.7068583470577036	helical	['1.0', ' 2.0']	['0.1', ' 0.2']	Spiroplasma diminutum	Spiroplasma	Spiroplasmataceae	Entomoplasmatales	Mollicutes	Tenericutes	Bacteria	bm4
216937	3.162277660168379	0.17320508075688773	0.07314906247029498	1.7207211628636423	3.5	0.175	0.0827817845451779	1.9242255003237485	helical	['2.0', ' 5.0']	['0.15', ' 0.2']	Spiroplasma floricola	Spiroplasma	Spiroplasmataceae	Entomoplasmatales	Mollicutes	Tenericutes	Bacteria	bm4
216938	3.872983346207417	0.1414213562373095	0.0600961996499111	1.7207211628636432	4.0	0.15	0.0698022617719482	1.884955592153876	helical	['3.0', ' 5.0']	['0.1', ' 0.2']	Spiroplasma helicoides	Spiroplasma	Spiroplasmataceae	Entomoplasmatales	Mollicutes	Tenericutes	Bacteria	bm4
216939	3.872983346207417	0.1414213562373095	0.0600961996499111	1.7207211628636432	4.0	0.15	0.0698022617719482	1.884955592153876	helical	['3.0', ' 5.0']	['0.1', ' 0.2']	Spiroplasma insolitum	Spiroplasma	Spiroplasmataceae	Entomoplasmatales	Mollicutes	Tenericutes	Bacteria	bm4
216940	3.872983346207417	0.1414213562373095	0.0600961996499111	1.7207211628636432	4.0	0.15	0.0698022617719482	1.884955592153876	helical	['3.0', ' 5.0']	['0.1', ' 0.2']	Spiroplasma lampyridicola	Spiroplasma	Spiroplasmataceae	Entomoplasmatales	Mollicutes	Tenericutes	Bacteria	bm4
216941	3.872983346207417	0.1414213562373095	0.0600961996499111	1.7207211628636432	4.0	0.15	0.0698022617719482	1.884955592153876	helical	['3.0', ' 5.0']	['0.1', ' 0.2']	Spiroplasma leptinotarsae	Spiroplasma	Spiroplasmataceae	Entomoplasmatales	Mollicutes	Tenericutes	Bacteria	bm4
216942	3.872983346207417	0.1414213562373095	0.0600961996499111	1.7207211628636432	4.0	0.15	0.0698022617719482	1.884955592153876	helical	['3.0', ' 5.0']	['0.1', ' 0.2']	Spiroplasma litorale	Spiroplasma	Spiroplasmataceae	Entomoplasmatales	Mollicutes	Tenericutes	Bacteria	bm4
216943	3.872983346207417	0.1414213562373095	0.0600961996499111	1.7207211628636432	4.0	0.15	0.0698022617719482	1.884955592153876	helical	['3.0', ' 5.0']	['0.1', ' 0.2']	Spiroplasma montanense	Spiroplasma	Spiroplasmataceae	Entomoplasmatales	Mollicutes	Tenericutes	Bacteria	bm4
216944	3.4322004603461025	0.12649110640673522	0.0426004582999741	1.3638999367685751	3.45	0.13	0.0452174666618935	1.4090043051350225	helical	['3.1', ' 3.8']	['0.1', ' 0.16']	Spiroplasma sabaudiense	Spiroplasma	Spiroplasmataceae	Entomoplasmatales	Mollicutes	Tenericutes	Bacteria	bm4
216946	3.872983346207417	0.1414213562373095	0.0600961996499111	1.7207211628636432	4.0	0.15	0.0698022617719482	1.884955592153876	helical	['3.0', ' 5.0']	['0.1', ' 0.2']	Spiroplasma turonicum	Spiroplasma	Spiroplasmataceae	Entomoplasmatales	Mollicutes	Tenericutes	Bacteria	bm4
217215	0.3872983346207417	0.3872983346207417	0.030418340069802003	0.471238898038469	0.4	0.4	0.0335103216382911	0.5026548245743669	spherical	['0.3', ' 0.5']	['0.3', ' 0.5']	Mesoplasma grammopterae	Mesoplasma	Entomoplasmataceae	Entomoplasmatales	Mollicutes	Tenericutes	Bacteria	bm4
217731	0.3872983346207417	0.3872983346207417	0.030418340069802003	0.471238898038469	0.4	0.4	0.0335103216382911	0.5026548245743669	spherical	['0.3', ' 0.5']	['0.3', ' 0.5']	Mesoplasma photuris	Mesoplasma	Entomoplasmataceae	Entomoplasmatales	Mollicutes	Tenericutes	Bacteria	bm4
219290	0.4898979485566356	0.1581138830084189	0.008584270781860201	0.2433467205584167	0.55	0.275	0.0272230457156771	0.4751658888554563	spherical	['0.3', ' 0.8']	['0.05', ' 0.5']	Mycoplasma vulturii	Mycoplasma	Mycoplasmataceae	Mycoplasmatales	Mollicutes	Tenericutes	Bacteria	bm4
219745	0.3872983346207417	0.3872983346207417	0.030418340069802003	0.471238898038469	0.4	0.4	0.0335103216382911	0.5026548245743669	spherical	['0.3', ' 0.5']	['0.3', ' 0.5']	Mesoplasma tabanidae	Mesoplasma	Entomoplasmataceae	Entomoplasmatales	Mollicutes	Tenericutes	Bacteria	bm4
220926	0.4898979485566356	0.1581138830084189	0.008584270781860201	0.2433467205584167	0.55	0.275	0.0272230457156771	0.4751658888554563	spherical	['0.3', ' 0.8']	['0.05', ' 0.5']	Mycoplasma coccoides	Mycoplasma	Mycoplasmataceae	Mycoplasmatales	Mollicutes	Tenericutes	Bacteria	bm4
225148	2.0	0.4183300132670378	0.2557236124491258	2.6284449929116933	2.5	0.475	0.4149561202770862	3.730641276137879	rod	['1.0', ' 4.0']	['0.25', ' 0.7']	Candidatus Rhabdochlamydia porcellionis	Candidatus Rhabdochlamydia	Rhabdochlamydiaceae	Parachlamydiales	Chlamydiia	Chlamydiae	Bacteria	bm4
225999	0.3872983346207417	0.3872983346207417	0.030418340069802003	0.471238898038469	0.4	0.4	0.0335103216382911	0.5026548245743669	spherical	['0.3', ' 0.5']	['0.3', ' 0.5']	Mesoplasma syrphidae	Mesoplasma	Entomoplasmataceae	Entomoplasmatales	Mollicutes	Tenericutes	Bacteria	bm4
228419	3.162277660168379	0.3	0.2164596525098352	2.98037647973883	3.5	0.3	0.2403318379996192	3.2986722862692828	spherical	['2.0', ' 5.0']	['0.3', ' 0.3']	Acholeplasma pleciae	Acholeplasma	Acholeplasmataceae	Acholeplasmatales	Mollicutes	Tenericutes	Bacteria	bm4
244584	0.4898979485566356	0.1581138830084189	0.008584270781860201	0.2433467205584167	0.55	0.275	0.0272230457156771	0.4751658888554563	spherical	['0.3', ' 0.8']	['0.05', ' 0.5']	Mycoplasma testudineum	Mycoplasma	Mycoplasmataceae	Mycoplasmatales	Mollicutes	Tenericutes	Bacteria	bm4
247278	0.4898979485566356	0.1581138830084189	0.008584270781860201	0.2433467205584167	0.55	0.275	0.0272230457156771	0.4751658888554563	spherical	['0.3', ' 0.8']	['0.05', ' 0.5']	Candidatus Mycoplasma haematoparvum	Mycoplasma	Mycoplasmataceae	Mycoplasmatales	Mollicutes	Tenericutes	Bacteria	bm4
264633	3.162277660168379	0.3	0.2164596525098352	2.98037647973883	3.5	0.3	0.2403318379996192	3.2986722862692828	spherical	['2.0', ' 5.0']	['0.3', ' 0.3']	Acholeplasma cavigenitalium	Acholeplasma	Acholeplasmataceae	Acholeplasmatales	Mollicutes	Tenericutes	Bacteria	bm4
264634	3.162277660168379	0.3	0.2164596525098352	2.98037647973883	3.5	0.3	0.2403318379996192	3.2986722862692828	spherical	['2.0', ' 5.0']	['0.3', ' 0.3']	Acholeplasma equifetale	Acholeplasma	Acholeplasmataceae	Acholeplasmatales	Mollicutes	Tenericutes	Bacteria	bm4
264635	3.162277660168379	0.3	0.2164596525098352	2.98037647973883	3.5	0.3	0.2403318379996192	3.2986722862692828	spherical	['2.0', ' 5.0']	['0.3', ' 0.3']	Acholeplasma granularum	Acholeplasma	Acholeplasmataceae	Acholeplasmatales	Mollicutes	Tenericutes	Bacteria	bm4
264636	3.162277660168379	0.3	0.2164596525098352	2.98037647973883	3.5	0.3	0.2403318379996192	3.2986722862692828	spherical	['2.0', ' 5.0']	['0.3', ' 0.3']	Acholeplasma hippikon	Acholeplasma	Acholeplasmataceae	Acholeplasmatales	Mollicutes	Tenericutes	Bacteria	bm4
264637	3.162277660168379	0.3	0.2164596525098352	2.98037647973883	3.5	0.3	0.2403318379996192	3.2986722862692828	spherical	['2.0', ' 5.0']	['0.3', ' 0.3']	Acholeplasma morum	Acholeplasma	Acholeplasmataceae	Acholeplasmatales	Mollicutes	Tenericutes	Bacteria	bm4
264638	3.162277660168379	0.3	0.2164596525098352	2.98037647973883	3.5	0.3	0.2403318379996192	3.2986722862692828	spherical	['2.0', ' 5.0']	['0.3', ' 0.3']	Acholeplasma multilocale	Acholeplasma	Acholeplasmataceae	Acholeplasmatales	Mollicutes	Tenericutes	Bacteria	bm4
264639	3.162277660168379	0.3	0.2164596525098352	2.98037647973883	3.5	0.3	0.2403318379996192	3.2986722862692828	spherical	['2.0', ' 5.0']	['0.3', ' 0.3']	Acholeplasma parvum	Acholeplasma	Acholeplasmataceae	Acholeplasmatales	Mollicutes	Tenericutes	Bacteria	bm4
273136	0.4898979485566356	0.1581138830084189	0.008584270781860201	0.2433467205584167	0.55	0.275	0.0272230457156771	0.4751658888554563	flask	['0.3', ' 0.8']	['0.05', ' 0.5']	Mycoplasma amphoriforme	Mycoplasma	Mycoplasmataceae	Mycoplasmatales	Mollicutes	Tenericutes	Bacteria	bm4
285729	6.32455532033676	0.529150262212918	1.3520536170951456	10.513779971646771	7.0	0.55	1.6195237378490135	12.095131716320704	rod	['4.0', ' 10.0']	['0.4', ' 0.7']	Fusobacterium canifelinum	Fusobacterium	Fusobacteriaceae	Fusobacteriales	Fusobacteriia	Fusobacteria	Bacteria	bm4
292461	0.4898979485566356	0.1581138830084189	0.008584270781860201	0.2433467205584167	0.55	0.275	0.0272230457156771	0.4751658888554563	spherical	['0.3', ' 0.8']	['0.05', ' 0.5']	Mycoplasma iguanae	Mycoplasma	Mycoplasmataceae	Mycoplasmatales	Mollicutes	Tenericutes	Bacteria	bm4
301541	8.48528137423857	0.10000000000000002	0.06638144468457631	2.6657297628950194	9.0	0.1	0.0704240353179712	2.827433388230814	rod	['6.0', ' 12.0']	['0.1', ' 0.1']	Leptospira broomii	Leptospira	Leptospiraceae	Leptospirales	Spirochaetia	Spirochaetes	Bacteria	bm4
313382	3.872983346207417	0.1414213562373095	0.0600961996499111	1.7207211628636432	4.0	0.15	0.0698022617719482	1.884955592153876	helical	['3.0', ' 5.0']	['0.1', ' 0.2']	Spiroplasma penaei	Spiroplasma	Spiroplasmataceae	Entomoplasmatales	Mollicutes	Tenericutes	Bacteria	bm4
324078	0.3872983346207417	0.3872983346207417	0.030418340069802003	0.471238898038469	0.4	0.4	0.0335103216382911	0.5026548245743669	spherical	['0.3', ' 0.5']	['0.3', ' 0.5']	Mesoplasma coleopterae	Mesoplasma	Entomoplasmataceae	Entomoplasmatales	Mollicutes	Tenericutes	Bacteria	bm4
324079	3.872983346207417	0.1414213562373095	0.0600961996499111	1.7207211628636432	4.0	0.15	0.0698022617719482	1.884955592153876	helical	['3.0', ' 5.0']	['0.1', ' 0.2']	Spiroplasma tabanidicola	Spiroplasma	Spiroplasmataceae	Entomoplasmatales	Mollicutes	Tenericutes	Bacteria	bm4
324707	0.5	0.25	0.020453077171808498	0.3926990816987241	0.5	0.25	0.0204530771718085	0.3926990816987241	rod	['0.5', ' 0.5']	['0.25', ' 0.25']	Candidatus Rhabdochlamydia crassificans	Candidatus Rhabdochlamydia	Rhabdochlamydiaceae	Parachlamydiales	Chlamydiia	Chlamydiae	Bacteria	bm4
334122	3.872983346207417	0.1414213562373095	0.0600961996499111	1.7207211628636432	4.0	0.15	0.0698022617719482	1.884955592153876	helical	['3.0', ' 5.0']	['0.1', ' 0.2']	Spiroplasma leucomae	Spiroplasma	Spiroplasmataceae	Entomoplasmatales	Mollicutes	Tenericutes	Bacteria	bm4
340071	0.7071067811865476	0.7071067811865476	0.18512012242326534	1.5707963267948968	0.75	0.75	0.2208932334555323	1.7671458676442586	spherical	['0.5', ' 1.0']	['0.5', ' 1.0']	Criblamydia sequanensis	Criblamydia	Criblamydiaceae	Parachlamydiales	Chlamydiia	Chlamydiae	Bacteria	bm4
346879	0.4898979485566356	0.1581138830084189	0.008584270781860201	0.2433467205584167	0.55	0.275	0.0272230457156771	0.4751658888554563	spherical	['0.3', ' 0.8']	['0.05', ' 0.5']	Candidatus Mycoplasma turicensis	Mycoplasma	Mycoplasmataceae	Mycoplasmatales	Mollicutes	Tenericutes	Bacteria	bm4
362787	0.7071067811865476	0.7071067811865476	0.18512012242326534	1.5707963267948968	0.75	0.75	0.2208932334555323	1.7671458676442586	spherical	['0.5', ' 1.0']	['0.5', ' 1.0']	Candidatus Protochlamydia amoebophila	Candidatus Protochlamydia	Parachlamydiaceae	Parachlamydiales	Chlamydiia	Chlamydiae	Bacteria	bm4
362837	3.872983346207417	0.1414213562373095	0.0600961996499111	1.7207211628636432	4.0	0.15	0.0698022617719482	1.884955592153876	helical	['3.0', ' 5.0']	['0.1', ' 0.2']	Spiroplasma cantharicola	Spiroplasma	Spiroplasmataceae	Entomoplasmatales	Mollicutes	Tenericutes	Bacteria	bm4
386460	0.4898979485566356	0.1581138830084189	0.008584270781860201	0.2433467205584167	0.55	0.275	0.0272230457156771	0.4751658888554563	rod	['0.3', ' 0.8']	['0.05', ' 0.5']	Mycoplasma insons	Mycoplasma	Mycoplasmataceae	Mycoplasmatales	Mollicutes	Tenericutes	Bacteria	bm4
392334	9.486832980505138	0.316227766016838	0.7368152963798779	9.424777960769381	16.5	0.35	1.5762613890152035	18.14269757448105	helical	['3.0', ' 30.0']	['0.2', ' 0.5']	Candidatus Treponema suis	Treponema	Treponemataceae	Spirochaetales	Spirochaetia	Spirochaetes	Bacteria	bm4
392734	1.1224972160321824	0.5916079783099616	0.2543536258731245	2.086263535817181	1.15	0.6	0.2686061718819273	2.167698930976957	rod	['0.9', ' 1.4']	['0.5', ' 0.7']	Terriglobus roseus	Terriglobus	Acidobacteriaceae	Acidobacteriales	Acidobacteriia	Acidobacteria	Bacteria	bm4
432608	0.4898979485566356	0.1581138830084189	0.008584270781860201	0.2433467205584167	0.55	0.275	0.0272230457156771	0.4751658888554563	spherical	['0.3', ' 0.8']	['0.05', ' 0.5']	Candidatus Mycoplasma haemobos	Mycoplasma	Mycoplasmataceae	Mycoplasmatales	Mollicutes	Tenericutes	Bacteria	bm4
447106	8.48528137423857	0.10000000000000002	0.06638144468457631	2.6657297628950194	9.0	0.1	0.0704240353179712	2.827433388230814	rod	['6.0', ' 12.0']	['0.1', ' 0.1']	Leptospira licerasiae	Leptospira	Leptospiraceae	Leptospirales	Spirochaetia	Spirochaetes	Bacteria	bm4
458204	0.6928203230275509	0.6928203230275509	0.1741247389664849	1.5079644737231006	0.7	0.7	0.1795943800302164	1.5393804002589986	spherical	['0.6', ' 0.8']	['0.6', ' 0.8']	Rubritalea sabuli	Rubritalea	Rubritaleaceae	Verrucomicrobiales	Verrucomicrobiae	Verrucomicrobia	Bacteria	bm4
458208	0.4898979485566356	0.1581138830084189	0.008584270781860201	0.2433467205584167	0.55	0.275	0.0272230457156771	0.4751658888554563	spherical	['0.3', ' 0.8']	['0.05', ' 0.5']	Mycoplasmopsis mucosicanis	Mycoplasmopsis	Mycoplasmataceae	Mycoplasmatales	Mollicutes	Tenericutes	Bacteria	bm4
466153	3.464101615137755	3.464101615137755	21.765592370810616	37.69911184307751	3.5	3.5	22.44929750377706	38.48451000647496	spherical	['3.0', ' 4.0']	['3.0', ' 4.0']	Singulisphaera acidiphila	Singulisphaera	Isosphaeraceae	Isosphaerales	Planctomycetia	Planctomycetes	Bacteria	bm4
513050	17.32050807568877	0.3464101615137754	1.62153663162539	18.849555921538755	20.0	0.35	1.9130008515718595	21.991148575128552	rod	['10.0', ' 30.0']	['0.3', ' 0.4']	Dictyoglomus turgidum	Dictyoglomus	Dictyoglomaceae	Dictyoglomales	Dictyoglomia	Dictyoglomi	Bacteria	bm4
1027767	11.999999999999995	0.4242640687119284	1.6764670597167743	15.99437857737011	13.0	0.4499999999999999	2.0437041959305846	18.378317023500287	helical	['8.0', ' 18.0']	['0.3', ' 0.6']	Borrelia latyschewii	Borrelia	Borreliaceae	Spirochaetales	Spirochaetia	Spirochaetes	Bacteria	bm4
1114980	3.872983346207417	0.1414213562373095	0.0600961996499111	1.7207211628636432	4.0	0.15	0.0698022617719482	1.884955592153876	helical	['3.0', ' 5.0']	['0.1', ' 0.2']	Spiroplasma atrichopogonis	Spiroplasma	Spiroplasmataceae	Entomoplasmatales	Mollicutes	Tenericutes	Bacteria	bm4
1653832	11.999999999999995	0.4242640687119284	1.6764670597167743	15.99437857737011	13.0	0.4499999999999999	2.0437041959305846	18.378317023500287	helical	['8.0', ' 18.0']	['0.3', ' 0.6']	Borrelia brasiliensis	Borrelia	Borreliaceae	Spirochaetales	Spirochaetia	Spirochaetes	Bacteria	bm4
1653833	11.999999999999995	0.4242640687119284	1.6764670597167743	15.99437857737011	13.0	0.4499999999999999	2.0437041959305846	18.378317023500287	helical	['8.0', ' 18.0']	['0.3', ' 0.6']	Borrelia caucasica	Borrelia	Borreliaceae	Spirochaetales	Spirochaetia	Spirochaetes	Bacteria	bm4
1653834	11.999999999999995	0.4242640687119284	1.6764670597167743	15.99437857737011	13.0	0.4499999999999999	2.0437041959305846	18.378317023500287	helical	['8.0', ' 18.0']	['0.3', ' 0.6']	Borrelia dugesii	Borrelia	Borreliaceae	Spirochaetales	Spirochaetia	Spirochaetes	Bacteria	bm4
1653835	11.999999999999995	0.4242640687119284	1.6764670597167743	15.99437857737011	13.0	0.4499999999999999	2.0437041959305846	18.378317023500287	helical	['8.0', ' 18.0']	['0.3', ' 0.6']	Borrelia graingeri	Borrelia	Borreliaceae	Spirochaetales	Spirochaetia	Spirochaetes	Bacteria	bm4
1653836	11.999999999999995	0.4242640687119284	1.6764670597167743	15.99437857737011	13.0	0.4499999999999999	2.0437041959305846	18.378317023500287	helical	['8.0', ' 18.0']	['0.3', ' 0.6']	Borrelia harveyi	Borrelia	Borreliaceae	Spirochaetales	Spirochaetia	Spirochaetes	Bacteria	bm4
1653837	11.999999999999995	0.4242640687119284	1.6764670597167743	15.99437857737011	13.0	0.4499999999999999	2.0437041959305846	18.378317023500287	helical	['8.0', ' 18.0']	['0.3', ' 0.6']	Borrelia mazzottii	Borrelia	Borreliaceae	Spirochaetales	Spirochaetia	Spirochaetes	Bacteria	bm4
1653838	11.999999999999995	0.4242640687119284	1.6764670597167743	15.99437857737011	13.0	0.4499999999999999	2.0437041959305846	18.378317023500287	helical	['8.0', ' 18.0']	['0.3', ' 0.6']	Borrelia tillae	Borrelia	Borreliaceae	Spirochaetales	Spirochaetia	Spirochaetes	Bacteria	bm4
1653839	11.999999999999995	0.4242640687119284	1.6764670597167743	15.99437857737011	13.0	0.4499999999999999	2.0437041959305846	18.378317023500287	helical	['8.0', ' 18.0']	['0.3', ' 0.6']	Borrelia venezuelensis	Borrelia	Borreliaceae	Spirochaetales	Spirochaetia	Spirochaetes	Bacteria	bm4
1653850	1.5427248620541512	1.5427248620541512	1.9224898602787268	7.476990515543709	1.5499999999999998	1.5499999999999998	1.9498163904811143	7.547676350249476	spherical	['1.4', ' 1.7']	['1.4', ' 1.7']	Planctomyces bekefii	Planctomyces	Planctomycetaceae	Planctomycetales	Planctomycetia	Planctomycetes	Bacteria	bm4
1653855	141.42135623730945	0.75	62.36759470112425	333.2162203618773	165.0	0.75	72.7843204235979	388.7720908817369	helical	['80.0', ' 250.0']	['0.75', ' 0.75']	Spirochaeta plicatilis	Spirochaeta	Spirochaetaceae	Spirochaetales	Spirochaetia	Spirochaetes	Bacteria	bm4
1653861	9.486832980505138	0.316227766016838	0.7368152963798779	9.424777960769381	16.5	0.35	1.5762613890152035	18.14269757448105	helical	['3.0', ' 30.0']	['0.2', ' 0.5']	Treponema minutum	Treponema	Treponemataceae	Spirochaetales	Spirochaetia	Spirochaetes	Bacteria	bm4
